Cell	Phase
SRR16362017_AAACCTGAGGGCATGT-1.bam	G1
SRR16362017_AAACGGGCAATAGGAT-1.bam	G1
SRR16362017_AAACGGGTCCGCGGAT-1.bam	S
SRR16362017_AAAGATGCAGAGACGT-1.bam	G1
SRR16362017_AAAGATGGTTAGTGAA-1.bam	G1
SRR16362017_AAAGCAAAGATATGCA-1.bam	G1
SRR16362017_AAAGTAGGTCCTCCAT-1.bam	G1
SRR16362017_AAAGTAGTCGGATGCC-1.bam	G1
SRR16362017_AAATGCCCACTATGCA-1.bam	G1
SRR16362017_AACACGTTCTCCAGCT-1.bam	G1
SRR16362017_AACCGCGCACGGGATA-1.bam	G1
SRR16362017_AACGTTGAGGTAAACT-1.bam	G1
SRR16362017_AACGTTGTCATTGCTT-1.bam	S
SRR16362017_AACGTTGTCTACGGGC-1.bam	G1
SRR16362017_AACTCAGAGACAAGCC-1.bam	G1
SRR16362017_AACTCAGCATTTAGGC-1.bam	G1
SRR16362017_AACTCAGGTTGACCCG-1.bam	S
SRR16362017_AACTCAGGTTGCTGAT-1.bam	G1
SRR16362017_AACTCCCAGAAAGCTT-1.bam	G1
SRR16362017_AACTCCCCAAGTAAGT-1.bam	G1
SRR16362017_AACTCCCCACAGAGCA-1.bam	G1
SRR16362017_AACTGGTAGGTGTGGT-1.bam	G1
SRR16362017_AACTGGTCAAGTCGGA-1.bam	S
SRR16362017_AAGACCTCAGTTCCGG-1.bam	G1
SRR16362017_AAGCCGCAGCACGCCT-1.bam	G1
SRR16362017_AAGCCGCGTGCCTACG-1.bam	S
SRR16362017_AAGGCAGCATGTTGCA-1.bam	G1
SRR16362017_AAGGTTCAGGATCCTT-1.bam	S
SRR16362017_AAGGTTCGTTTACTCT-1.bam	G1
SRR16362017_AAGTCTGAGAAGCCCA-1.bam	G1
SRR16362017_AAGTCTGAGGGATTCG-1.bam	S
SRR16362017_AATCCAGAGGCAACAC-1.bam	G1
SRR16362017_AATCGGTAGTACGTTC-1.bam	G1
SRR16362017_AATCGGTCATTGCCGG-1.bam	G1
SRR16362017_AATCGGTGTGATTGTC-1.bam	G1
SRR16362017_ACACCAAAGCTTCAGT-1.bam	G1
SRR16362017_ACACCAAGTCCCTGGA-1.bam	G1
SRR16362017_ACACCCTCAAATTCCG-1.bam	G1
SRR16362017_ACACCCTTCGAGAGGT-1.bam	G1
SRR16362017_ACACCGGGTGGAAGGG-1.bam	G1
SRR16362017_ACAGCCGGTAACACTC-1.bam	S
SRR16362017_ACAGCTATCAGCCACG-1.bam	G1
SRR16362017_ACATCAGCAAACGAGC-1.bam	G1
SRR16362017_ACATCAGCACAGTGTT-1.bam	G1
SRR16362017_ACATCAGCACCGGCAT-1.bam	S
SRR16362017_ACATGGTAGCAGTCTT-1.bam	S
SRR16362017_ACCAGTAAGGACTGGT-1.bam	G1
SRR16362017_ACCAGTACAACGTTTG-1.bam	G1
SRR16362017_ACCAGTAGTTGCAGCC-1.bam	G1
SRR16362017_ACCAGTATCAGGACAG-1.bam	G1
SRR16362017_ACCCACTTCTTGGATG-1.bam	S
SRR16362017_ACCGTAATCTGGTAGT-1.bam	G1
SRR16362017_ACCGTAATCTGTTGTT-1.bam	G1
SRR16362017_ACGAGCCAGCCAGAAC-1.bam	G1
SRR16362017_ACGAGCCAGCCATGCC-1.bam	G1
SRR16362017_ACGAGCCCACGCGATC-1.bam	G1
SRR16362017_ACGAGGACAGATACCT-1.bam	G1
SRR16362017_ACGAGGATCCTTGAAG-1.bam	S
SRR16362017_ACGATACAGTTTCTGG-1.bam	G1
SRR16362017_ACGATGTAGCATGGCA-1.bam	G1
SRR16362017_ACGATGTGTCGGCATC-1.bam	S
SRR16362017_ACGATGTTCAGCGGCT-1.bam	G1
SRR16362017_ACGCCAGCACCCAAAT-1.bam	G1
SRR16362017_ACGCCAGTCTGTGGCG-1.bam	S
SRR16362017_ACGCCGAGTACGTTCA-1.bam	G1
SRR16362017_ACGCCGATCAACAGCT-1.bam	G1
SRR16362017_ACGCCGATCATTTGCT-1.bam	G1
SRR16362017_ACGGAGACATTTAGGC-1.bam	S
SRR16362017_ACGGAGATCGGGAAAC-1.bam	S
SRR16362017_ACGGCCACATTTCCAT-1.bam	S
SRR16362017_ACGGCCATCAACAGTC-1.bam	G1
SRR16362017_ACGGGTCCACACGCAC-1.bam	S
SRR16362017_ACGTCAAAGGGTCTCC-1.bam	G1
SRR16362017_ACGTCAACAATCTCTT-1.bam	S
SRR16362017_ACGTCAAGTATGACTC-1.bam	S
SRR16362017_ACTGAACGTGGATAGC-1.bam	S
SRR16362017_ACTGAACGTGGCAACA-1.bam	G1
SRR16362017_ACTGATGCAAACTCAC-1.bam	G1
SRR16362017_ACTGCTCCACAAGGAC-1.bam	S
SRR16362017_ACTGTCCGTAGAACAT-1.bam	G1
SRR16362017_ACTTACTTCTCATGTT-1.bam	G1
SRR16362017_ACTTGTTTCGAGAGGT-1.bam	G1
SRR16362017_AGAGCGATCGTGCCTT-1.bam	S
SRR16362017_AGAGCTTTCTCCACAC-1.bam	G1
SRR16362017_AGAGTGGGTAACACTC-1.bam	G1
SRR16362017_AGAGTGGGTAAGTAAC-1.bam	G1
SRR16362017_AGATCTGCAAAGGGTC-1.bam	G1
SRR16362017_AGATTGCCAAGGTCGA-1.bam	G1
SRR16362017_AGATTGCGTATGCGGA-1.bam	S
SRR16362017_AGCATACAGAGCCCAA-1.bam	G1
SRR16362017_AGCATACTCTACGGGC-1.bam	S
SRR16362017_AGCGTATCAAGGTGAC-1.bam	G1
SRR16362017_AGCGTATGTCCAGCCA-1.bam	G1
SRR16362017_AGCTCCTAGCTATGCT-1.bam	G1
SRR16362017_AGCTCCTTCGACCCTT-1.bam	G1
SRR16362017_AGCTCTCAGATTACCC-1.bam	G1
SRR16362017_AGCTCTCAGGAGTCTG-1.bam	G1
SRR16362017_AGCTCTCGTCGCGAAA-1.bam	G1
SRR16362017_AGCTCTCGTCTAGGGA-1.bam	G1
SRR16362017_AGGCCACAGTAGGTGC-1.bam	G1
SRR16362017_AGGCCACGTACAGGAC-1.bam	S
SRR16362017_AGGCCGTGTCTGCCAG-1.bam	S
SRR16362017_AGGCCGTGTGGACGTA-1.bam	G1
SRR16362017_AGGGAGTCACAAACTC-1.bam	S
SRR16362017_AGGGAGTGTAGAATAC-1.bam	G1
SRR16362017_AGGGATGTCAAGAAAC-1.bam	G1
SRR16362017_AGGGTGATCTTCACAT-1.bam	G1
SRR16362017_AGGTCATAGGCGCTCT-1.bam	S
SRR16362017_AGGTCATAGGGAACGG-1.bam	G1
SRR16362017_AGGTCATCACGAGCTC-1.bam	S
SRR16362017_AGGTCCGGTGAGCGAT-1.bam	G1
SRR16362017_AGTAGTCCATAGGACG-1.bam	G1
SRR16362017_AGTCTTTGTGAACACG-1.bam	G1
SRR16362017_AGTGGGAGTTATGCGT-1.bam	G1
SRR16362017_AGTGGGATCGAAATCC-1.bam	G1
SRR16362017_AGTGTCAGTAGGCTGA-1.bam	G1
SRR16362017_AGTGTCATCGATAGTC-1.bam	S
SRR16362017_AGTTGGTAGTGTTTGC-1.bam	S
SRR16362017_ATAAGAGCAACAGCCC-1.bam	G1
SRR16362017_ATAAGAGTCAGCCCGA-1.bam	G1
SRR16362017_ATAAGAGTCGGGAAAC-1.bam	G1
SRR16362017_ATAGACCCAATGGCTT-1.bam	G1
SRR16362017_ATAGACCGTCTCTCGT-1.bam	G1
SRR16362017_ATCACGAAGTTAACGA-1.bam	G1
SRR16362017_ATCACGACAGATTGTC-1.bam	S
SRR16362017_ATCACGACAGTGAAAT-1.bam	G1
SRR16362017_ATCACGATCTCATACT-1.bam	S
SRR16362017_ATCATCTAGTAACCCT-1.bam	G1
SRR16362017_ATCATGGAGATATGGT-1.bam	G1
SRR16362017_ATCCACCGTAGCGTCC-1.bam	S
SRR16362017_ATCCACCTCCTCTCAG-1.bam	G1
SRR16362017_ATCGAGTCAACGGCTC-1.bam	G1
SRR16362017_ATCGAGTGTATCAGTC-1.bam	G1
SRR16362017_ATCTACTTCTAAGACC-1.bam	G1
SRR16362017_ATCTGCCCATCGGGCT-1.bam	S
SRR16362017_ATGCGATCATTTGTGG-1.bam	S
SRR16362017_ATGCGATGTATCGCCG-1.bam	G1
SRR16362017_ATGCGATTCTCGAACA-1.bam	G1
SRR16362017_ATGGGAGTCCGAGTCG-1.bam	G1
SRR16362017_ATGGGAGTCTACAGCA-1.bam	G1
SRR16362017_ATGTGTGTCTAGAGCT-1.bam	G1
SRR16362017_ATTACTCCACAAGGAC-1.bam	S
SRR16362017_ATTACTCTCACGCTCT-1.bam	G1
SRR16362017_ATTATCCCATAGACAA-1.bam	G1
SRR16362017_ATTCTACTCAGCATAC-1.bam	S
SRR16362017_ATTGGTGCAGACTCCG-1.bam	G1
SRR16362017_CAACCAAAGAAGATTC-1.bam	G1
SRR16362017_CAACCAAGTCAGCCGT-1.bam	G1
SRR16362017_CAACCTCAGGCTAGAC-1.bam	S
SRR16362017_CAACCTCCATCTAAGC-1.bam	S
SRR16362017_CAACTAGGTGCTCTGG-1.bam	G1
SRR16362017_CAAGAAAGTGTTCCGG-1.bam	G1
SRR16362017_CAAGAAAGTTTAGGAA-1.bam	G1
SRR16362017_CAAGATCGTGAGCGAT-1.bam	S
SRR16362017_CAAGATCGTGGTAAGC-1.bam	G1
SRR16362017_CAAGGCCAGTGTATCC-1.bam	S
SRR16362017_CAAGGCCAGTTGGCTT-1.bam	G1
SRR16362017_CAAGTTGGTCCATGAT-1.bam	S
SRR16362017_CACAAACCAGAGGTCA-1.bam	G1
SRR16362017_CACACAATCAAGTGCT-1.bam	G1
SRR16362017_CACACCTGTTCGGTGC-1.bam	G1
SRR16362017_CACACTCCATGAAAGT-1.bam	G1
SRR16362017_CACAGGCAGCGCGTCT-1.bam	G1
SRR16362017_CACAGGCCAGAACAGC-1.bam	G1
SRR16362017_CACATAGAGTACAGTA-1.bam	G1
SRR16362017_CACATAGGTCTCGGTG-1.bam	G1
SRR16362017_CACATAGTCTAGCTAG-1.bam	G1
SRR16362017_CACATTTAGGATATAC-1.bam	G1
SRR16362017_CACCACTGTAGACCAG-1.bam	G1
SRR16362017_CACCACTGTGGATAGC-1.bam	G1
SRR16362017_CACCTTGAGGCGATAC-1.bam	G1
SRR16362017_CACCTTGGTACGTTCA-1.bam	G1
SRR16362017_CACCTTGTCGGAGAAC-1.bam	G1
SRR16362017_CACTCCACACACGCAC-1.bam	S
SRR16362017_CACTCCACACTGGCCA-1.bam	S
SRR16362017_CACTCCACAGAGGCAT-1.bam	G1
SRR16362017_CAGAATCTCCGATACA-1.bam	S
SRR16362017_CAGAGAGCACGATGGA-1.bam	G1
SRR16362017_CAGAGAGCATGCGTGC-1.bam	S
SRR16362017_CAGCAGCTCGGGTCAC-1.bam	G1
SRR16362017_CAGCCGAGTCAAGTCT-1.bam	S
SRR16362017_CAGCCGAGTTGAACTC-1.bam	G1
SRR16362017_CAGCTAAGTAGATAGT-1.bam	G1
SRR16362017_CAGCTAAGTCTCGAGC-1.bam	G1
SRR16362017_CAGCTGGCATATGTGC-1.bam	S
SRR16362017_CAGGTGCTCAGTTCTT-1.bam	G1
SRR16362017_CAGTAACAGTCGTCCG-1.bam	G1
SRR16362017_CAGTAACAGTGGCACA-1.bam	G1
SRR16362017_CAGTAACGTTCCGTCT-1.bam	S
SRR16362017_CAGTAACTCTAAGGAA-1.bam	G1
SRR16362017_CATATGGAGCCGAACA-1.bam	S
SRR16362017_CATCAAGGTTTCCTGC-1.bam	S
SRR16362017_CATCGAACATGAGGGT-1.bam	G1
SRR16362017_CATCGAATCCATTTGT-1.bam	G1
SRR16362017_CATCGGGAGTGGAGAA-1.bam	G1
SRR16362017_CATGACAAGGGATTCG-1.bam	G1
SRR16362017_CATGCCTAGACTGTAA-1.bam	S
SRR16362017_CATTATCCAGTCCCTT-1.bam	G1
SRR16362017_CCAATCCGTTCCGTCT-1.bam	G1
SRR16362017_CCAATCCTCCCATGTC-1.bam	G1
SRR16362017_CCACCTAAGGGTTCCC-1.bam	S
SRR16362017_CCACCTAAGTACACCT-1.bam	G1
SRR16362017_CCACGGAAGGATGCGT-1.bam	G1
SRR16362017_CCACGGAGTCGTCTTC-1.bam	G1
SRR16362017_CCACTACTCTCGGAAT-1.bam	G1
SRR16362017_CCAGCGATCAGCGCGT-1.bam	G1
SRR16362017_CCATGTCGTCACCAGC-1.bam	G1
SRR16362017_CCATTCGAGAAGGGTA-1.bam	S
SRR16362017_CCATTCGTCACGAGTT-1.bam	G1
SRR16362017_CCCAATCGTGAAGCCA-1.bam	G1
SRR16362017_CCCATACCATGAAAGT-1.bam	G1
SRR16362017_CCGGGATAGTACGACG-1.bam	S
SRR16362017_CCGGTAGCACAGCTGC-1.bam	G1
SRR16362017_CCGGTAGCATCATGGT-1.bam	G1
SRR16362017_CCGTGGACATGCCGCA-1.bam	G1
SRR16362017_CCGTTCAGTTCTCAAG-1.bam	G1
SRR16362017_CCTAAAGTCGTAGCGC-1.bam	G1
SRR16362017_CCTAAAGTCTGCGGGT-1.bam	S
SRR16362017_CCTATTAGTAAGTGTA-1.bam	S
SRR16362017_CCTATTATCGGAATGG-1.bam	G1
SRR16362017_CCTCAGTAGGCAACAC-1.bam	G1
SRR16362017_CCTCAGTCAGGACCAA-1.bam	G1
SRR16362017_CCTCTGAGTAATGACA-1.bam	G1
SRR16362017_CCTTACGCATTGTCTT-1.bam	G1
SRR16362017_CCTTCCCAGGCTGCTC-1.bam	G1
SRR16362017_CCTTCCCGTGGAGCTA-1.bam	S
SRR16362017_CCTTCGAGTTCGTCAA-1.bam	G1
SRR16362017_CCTTTCTAGATAGTCA-1.bam	G1
SRR16362017_CGAACATAGTGAACAT-1.bam	G1
SRR16362017_CGAACATGTTAGTGAA-1.bam	S
SRR16362017_CGAACATTCCGACCAG-1.bam	G1
SRR16362017_CGAACATTCTCGGTTC-1.bam	G1
SRR16362017_CGAATGTCAGCGTCAC-1.bam	G1
SRR16362017_CGAATGTGTAGGGACT-1.bam	S
SRR16362017_CGACTTCGTCTTCACC-1.bam	G1
SRR16362017_CGAGAAGAGGCTAGAC-1.bam	G1
SRR16362017_CGAGAAGTCGCTCTGT-1.bam	G1
SRR16362017_CGAGCACAGAAGATTC-1.bam	S
SRR16362017_CGAGCACAGGCGCTCT-1.bam	G1
SRR16362017_CGAGCACGTAGGGTGT-1.bam	G1
SRR16362017_CGAGCCAAGAGTGACC-1.bam	S
SRR16362017_CGAGCCAAGCAGCCTC-1.bam	G1
SRR16362017_CGATGGCTCCGCCTAT-1.bam	G1
SRR16362017_CGATGTAGTGTGTATC-1.bam	G1
SRR16362017_CGATTGAAGTTGTAGA-1.bam	G1
SRR16362017_CGCTATCTCGGATCCG-1.bam	G1
SRR16362017_CGGACACAGTACGACG-1.bam	G1
SRR16362017_CGGACACCACAGAGCA-1.bam	G1
SRR16362017_CGGACACTCGTAACCA-1.bam	G1
SRR16362017_CGGACGTAGCCGTCGT-1.bam	S
SRR16362017_CGGACGTGTGTGCTTA-1.bam	G1
SRR16362017_CGGAGCTTCGGTCACG-1.bam	S
SRR16362017_CGGAGCTTCTACCGAA-1.bam	S
SRR16362017_CGGAGTCTCTGCTACC-1.bam	G1
SRR16362017_CGGCTAGGTAGCAGGT-1.bam	G1
SRR16362017_CGGGTCACATGACCGC-1.bam	S
SRR16362017_CGTAGCGAGACCCACC-1.bam	G1
SRR16362017_CGTAGCGCACTCCGAG-1.bam	G1
SRR16362017_CGTAGCGGTGGGAAGG-1.bam	G1
SRR16362017_CGTAGGCAGTGGGCTA-1.bam	S
SRR16362017_CGTAGGCCAATCTCTT-1.bam	S
SRR16362017_CGTCAGGGTACCGTGC-1.bam	G1
SRR16362017_CGTCCATAGGGTTCCC-1.bam	S
SRR16362017_CGTGAGCCACAATCAC-1.bam	G1
SRR16362017_CGTGAGCGTTTGGGCC-1.bam	G1
SRR16362017_CGTGTCTCAATGTGTC-1.bam	G1
SRR16362017_CGTTAGAGTTTCGCAA-1.bam	S
SRR16362017_CGTTAGATCCGACCAG-1.bam	G1
SRR16362017_CGTTCTGGTTAGAATG-1.bam	G1
SRR16362017_CTAACTTAGGCCCGTT-1.bam	G1
SRR16362017_CTAACTTTCGTTGCTC-1.bam	G1
SRR16362017_CTAAGACAGATATGGT-1.bam	G1
SRR16362017_CTAAGACCAGTTTGCA-1.bam	S
SRR16362017_CTAATGGAGGTACTCT-1.bam	S
SRR16362017_CTAATGGGTACTCCGG-1.bam	G1
SRR16362017_CTAATGGGTCAAGTCT-1.bam	G1
SRR16362017_CTACACCAGTCGATAA-1.bam	S
SRR16362017_CTACACCTCTGTTGTT-1.bam	G1
SRR16362017_CTACATTTCACGCGAC-1.bam	S
SRR16362017_CTACATTTCGATACAC-1.bam	G1
SRR16362017_CTACCCAAGCTCAACT-1.bam	S
SRR16362017_CTACCCACACGAAGGT-1.bam	G1
SRR16362017_CTACGTCAGTGTACGG-1.bam	G1
SRR16362017_CTAGAGTAGGAGCGAG-1.bam	G1
SRR16362017_CTAGCCTAGCGTGAAC-1.bam	S
SRR16362017_CTAGCCTTCCGGTTCT-1.bam	G1
SRR16362017_CTAGTGATCTGAAGTC-1.bam	G1
SRR16362017_CTCATTAAGGACAGAA-1.bam	S
SRR16362017_CTCATTAGTTAGCTCA-1.bam	G1
SRR16362017_CTCCTAGGTCAAGTCT-1.bam	S
SRR16362017_CTCCTAGTCCAGGTTA-1.bam	S
SRR16362017_CTCGAAATCCGCGGAT-1.bam	G1
SRR16362017_CTCGAGGAGAAACCAT-1.bam	G1
SRR16362017_CTCGAGGGTGAGCTCC-1.bam	G1
SRR16362017_CTCGGAGTCACTCATT-1.bam	G1
SRR16362017_CTCGGGATCTATGCCC-1.bam	G1
SRR16362017_CTCGTCATCCTCTGTG-1.bam	G1
SRR16362017_CTCTACGAGAATTCCC-1.bam	G1
SRR16362017_CTCTACGGTCTTACCC-1.bam	G1
SRR16362017_CTCTGGTCAAGACGCA-1.bam	S
SRR16362017_CTCTGGTTCAGCCCGA-1.bam	S
SRR16362017_CTGAAACTCTGCCGTT-1.bam	G1
SRR16362017_CTGAAGTAGACTTGAA-1.bam	G1
SRR16362017_CTGATCCAGGCCCACT-1.bam	G1
SRR16362017_CTGATCCGTATGCGGA-1.bam	G1
SRR16362017_CTGCCTAAGATAGTCA-1.bam	G1
SRR16362017_CTGCGGAAGTAGATCA-1.bam	S
SRR16362017_CTGCTGTAGTCCCACG-1.bam	S
SRR16362017_CTGCTGTGTGCAACCC-1.bam	S
SRR16362017_CTGGTCTAGCCGAACA-1.bam	G1
SRR16362017_CTGGTCTTCTGGCAGC-1.bam	G1
SRR16362017_CTGTGCTCAGCACACC-1.bam	G1
SRR16362017_CTTAGGACACGTACAT-1.bam	G1
SRR16362017_CTTCTCTTCCCATGTC-1.bam	G1
SRR16362017_CTTGGCTGTTTGTCTT-1.bam	G1
SRR16362017_CTTGGCTTCAAGCCGC-1.bam	G1
SRR16362017_CTTTGCGAGAGGTACC-1.bam	G1
SRR16362017_CTTTGCGCAACATGGG-1.bam	G1
SRR16362017_CTTTGCGTCAAGACAA-1.bam	G1
SRR16362017_CTTTGCGTCGACTTCC-1.bam	S
SRR16362017_GAAATGAAGTCTAGCT-1.bam	G1
SRR16362017_GAAATGATCGAAATCC-1.bam	G1
SRR16362017_GAACATCAGTACGATA-1.bam	G1
SRR16362017_GAACATCTCATGGTGT-1.bam	S
SRR16362017_GAACCTAGTGACTGAG-1.bam	G1
SRR16362017_GAACGGAAGCGATCCC-1.bam	S
SRR16362017_GAACGGATCGGTGCAC-1.bam	S
SRR16362017_GAAGCAGCATGATAAG-1.bam	G1
SRR16362017_GAAGCAGGTAGCAGGT-1.bam	S
SRR16362017_GAATGAACAGATTGTC-1.bam	G1
SRR16362017_GACACGCCAACCTGAT-1.bam	S
SRR16362017_GACACGCTCCTATGAG-1.bam	S
SRR16362017_GACACGCTCTGATCAG-1.bam	G1
SRR16362017_GACCAATAGGCATTTC-1.bam	G1
SRR16362017_GACCTGGAGTGATGGC-1.bam	G1
SRR16362017_GACGTTAAGGTGACCA-1.bam	S
SRR16362017_GACTACAAGCTGAACG-1.bam	G1
SRR16362017_GACTGCGCATAGGGCA-1.bam	G1
SRR16362017_GACTGCGGTGATGTTC-1.bam	G1
SRR16362017_GAGGTGAAGGTACTCT-1.bam	G1
SRR16362017_GAGGTGACATTGCATG-1.bam	G1
SRR16362017_GAGTCCGAGTCGTACT-1.bam	G1
SRR16362017_GATCAGTAGAGGACGG-1.bam	S
SRR16362017_GATCGATAGAAGATTC-1.bam	G1
SRR16362017_GATCGATGTCTAGGTT-1.bam	G1
SRR16362017_GATCGCGCAATGTGTC-1.bam	G1
SRR16362017_GATCGTAAGACAGGCT-1.bam	S
SRR16362017_GATCGTATCCGACCAG-1.bam	G1
SRR16362017_GATGAGGTCGTTATCT-1.bam	G1
SRR16362017_GATTCAGCAACCTGGC-1.bam	S
SRR16362017_GATTCAGCAGAACCAG-1.bam	G1
SRR16362017_GCAAACTCAGTCCCTT-1.bam	S
SRR16362017_GCAAACTGTTGGCGTC-1.bam	G1
SRR16362017_GCACATATCTCCGGAG-1.bam	G1
SRR16362017_GCAGCCAAGAGCTGGT-1.bam	G1
SRR16362017_GCAGCCAGTTCGATTG-1.bam	G1
SRR16362017_GCAGTTAAGCCACGTC-1.bam	S
SRR16362017_GCAGTTACAACCCTGG-1.bam	G1
SRR16362017_GCAGTTACATACCAGT-1.bam	S
SRR16362017_GCATACACAGATGAAT-1.bam	G1
SRR16362017_GCATACAGTGTTACGT-1.bam	G1
SRR16362017_GCATGATCATTATCGG-1.bam	G1
SRR16362017_GCATGCGAGCAGACTG-1.bam	S
SRR16362017_GCATGTAAGATAGTCA-1.bam	G1
SRR16362017_GCATGTACAGCCCATG-1.bam	S
SRR16362017_GCATGTAGTACAGGAC-1.bam	G1
SRR16362017_GCATGTATCTGCCGTT-1.bam	G1
SRR16362017_GCATGTATCTTCACGC-1.bam	S
SRR16362017_GCCAAATAGAATGGGA-1.bam	G1
SRR16362017_GCCAAATGTGATACCT-1.bam	G1
SRR16362017_GCCAAATGTTGTCACA-1.bam	G1
SRR16362017_GCCAAATTCGCAGCAC-1.bam	G1
SRR16362017_GCCAAATTCTCATGTT-1.bam	S
SRR16362017_GCGACCAGTCCAGTGC-1.bam	S
SRR16362017_GCGAGAAGTCAGTTTG-1.bam	G1
SRR16362017_GCGCAGTGTTGGGCAA-1.bam	G1
SRR16362017_GCGCCAAAGTCCATAC-1.bam	G1
SRR16362017_GCGCGATCAAACCGAG-1.bam	S
SRR16362017_GCGCGATTCGGCTCAG-1.bam	G1
SRR16362017_GCGGGTTCATCTTTCA-1.bam	G1
SRR16362017_GCGGGTTTCTAGCCTC-1.bam	S
SRR16362017_GCTCTGTAGAACTTCC-1.bam	G1
SRR16362017_GCTCTGTTCGCAGCAC-1.bam	G1
SRR16362017_GCTGCAGCATACTGCA-1.bam	G1
SRR16362017_GCTGCGATCATGTCAG-1.bam	G1
SRR16362017_GCTGCTTAGCATTCAC-1.bam	G1
SRR16362017_GCTGCTTCAGTGTGGA-1.bam	G1
SRR16362017_GCTGCTTCATGCAGTT-1.bam	G1
SRR16362017_GCTGGGTAGCTGTTCA-1.bam	G1
SRR16362017_GCTTCCATCACGATAC-1.bam	S
SRR16362017_GCTTGAAAGCCCTAAT-1.bam	G1
SRR16362017_GCTTGAAGTCTGCCAG-1.bam	S
SRR16362017_GCTTGAATCACCAGCG-1.bam	G1
SRR16362017_GCTTGAATCGATAAGA-1.bam	G1
SRR16362017_GGAACTTAGCTAGTTC-1.bam	G1
SRR16362017_GGAATAAGTACAAGGC-1.bam	G1
SRR16362017_GGACAAGTCTGTGAAC-1.bam	G1
SRR16362017_GGACAGAAGAGCTTCT-1.bam	G1
SRR16362017_GGACAGAGTCATGCTA-1.bam	G1
SRR16362017_GGACATTTCAAGAGGC-1.bam	G1
SRR16362017_GGACGTCCAACGAAAT-1.bam	G1
SRR16362017_GGACGTCTCTGCTACC-1.bam	G1
SRR16362017_GGAGCAACATCTTTCA-1.bam	G1
SRR16362017_GGAGCAAGTTGACCCG-1.bam	S
SRR16362017_GGATGTTAGGACCACA-1.bam	G1
SRR16362017_GGATTACGTGACCCGT-1.bam	G1
SRR16362017_GGCAATTAGATATGCA-1.bam	G1
SRR16362017_GGCAATTCAGGGCTTC-1.bam	G1
SRR16362017_GGCCGATCATAGTGAA-1.bam	S
SRR16362017_GGCGACTCAAGTGACG-1.bam	G1
SRR16362017_GGCGACTTCTCGTCTG-1.bam	G1
SRR16362017_GGCGACTTCTGTTGTT-1.bam	G1
SRR16362017_GGCGTGTCATCCATCC-1.bam	G1
SRR16362017_GGCTGGTAGATGTAAC-1.bam	S
SRR16362017_GGCTGGTAGCTGTCTA-1.bam	G1
SRR16362017_GGCTGGTCAAACTCAC-1.bam	G1
SRR16362017_GGCTGGTCACAATGTC-1.bam	S
SRR16362017_GGCTGGTCACTTGTTT-1.bam	G1
SRR16362017_GGCTGGTCAGGTGTGA-1.bam	G1
SRR16362017_GGCTGGTGTGATGTTC-1.bam	G1
SRR16362017_GGGAATGAGTGATCGG-1.bam	S
SRR16362017_GGGAATGCAGTCGGAA-1.bam	G1
SRR16362017_GGGAATGCATTCATCT-1.bam	S
SRR16362017_GGGACCTAGTTGGCTT-1.bam	S
SRR16362017_GGGACCTAGTTGTCGT-1.bam	G1
SRR16362017_GGGACCTTCTACGGAT-1.bam	G1
SRR16362017_GGGAGATTCCCAAGCG-1.bam	G1
SRR16362017_GGGAGATTCCCATGTC-1.bam	S
SRR16362017_GGGATGATCGATGGTT-1.bam	G1
SRR16362017_GGGATGATCGTATTGG-1.bam	G1
SRR16362017_GGGCACTAGATCTGCT-1.bam	G1
SRR16362017_GGGTCTGAGCCGGTAA-1.bam	G1
SRR16362017_GGGTCTGCATTTGTGG-1.bam	G1
SRR16362017_GGGTTGCAGCCCAACC-1.bam	S
SRR16362017_GGGTTGCAGTGGAGTC-1.bam	S
SRR16362017_GGGTTGCGTCCCGACA-1.bam	S
SRR16362017_GGTATTGGTGACCCAC-1.bam	G1
SRR16362017_GGTATTGTCCAGGAAG-1.bam	S
SRR16362017_GGTGAAGCATGAAAGT-1.bam	G1
SRR16362017_GGTGAAGTCGGGTCCA-1.bam	G1
SRR16362017_GGTGTTAAGATACACA-1.bam	G1
SRR16362017_GGTGTTACATAGACAA-1.bam	G1
SRR16362017_GTAACTGCATCGGCGT-1.bam	G1
SRR16362017_GTACGTAAGAAGCCCA-1.bam	G1
SRR16362017_GTACGTATCTGGAGTT-1.bam	G1
SRR16362017_GTACTTTCAGGTCAAG-1.bam	G1
SRR16362017_GTACTTTGTTCTCTCG-1.bam	S
SRR16362017_GTAGTCACAATAGGAT-1.bam	G1
SRR16362017_GTCAAGTTCATCTCCG-1.bam	G1
SRR16362017_GTCACAACATGTTTCT-1.bam	S
SRR16362017_GTCACAAGTCTGGGCT-1.bam	G1
SRR16362017_GTCACGGCAGCCAGTC-1.bam	S
SRR16362017_GTCACGGGTACTACAC-1.bam	S
SRR16362017_GTCGGGTCACGTCATA-1.bam	G1
SRR16362017_GTCGGGTGTGACGGTA-1.bam	G1
SRR16362017_GTCGGGTGTTGACCCG-1.bam	G1
SRR16362017_GTCGTAACACGCACGT-1.bam	G1
SRR16362017_GTCTCGTTCACGAGTT-1.bam	S
SRR16362017_GTCTTCGAGGTGTAGC-1.bam	G1
SRR16362017_GTCTTCGCATGGAGAC-1.bam	G1
SRR16362017_GTCTTCGTCTACAAGC-1.bam	G1
SRR16362017_GTGCATATCTCATCCG-1.bam	S
SRR16362017_GTGCGGTAGGTCGGAT-1.bam	S
SRR16362017_GTGCGGTCAACAACTC-1.bam	G1
SRR16362017_GTGCGGTTCCTCAGTC-1.bam	S
SRR16362017_GTGCTTCAGAGTACAT-1.bam	S
SRR16362017_GTGCTTCAGTACGTAA-1.bam	G1
SRR16362017_GTGGGTCAGACTAGGC-1.bam	S
SRR16362017_GTGGGTCTCGTGTCAA-1.bam	S
SRR16362017_GTGTGCGAGTGGGATC-1.bam	G1
SRR16362017_GTTAAGCTCTCGAACA-1.bam	G1
SRR16362017_GTTACAGTCCGCTCTA-1.bam	G1
SRR16362017_GTTACAGTCTATTGCT-1.bam	G1
SRR16362017_GTTCATTTCTTGTTAC-1.bam	G1
SRR16362017_GTTCGGGGTCGCCAAC-1.bam	G1
SRR16362017_GTTCGGGGTCTTCACC-1.bam	G1
SRR16362017_GTTCTCGCATGTTTCT-1.bam	G1
SRR16362017_GTTTCTAGTAACTGTC-1.bam	G1
SRR16362017_TAAGAGAAGAAGGTTT-1.bam	G1
SRR16362017_TAAGAGAGTACGTGCC-1.bam	G1
SRR16362017_TAAGAGAGTATGAAAC-1.bam	G1
SRR16362017_TAAGCGTTCATCGACA-1.bam	S
SRR16362017_TAAGTGCCAGGTGTGA-1.bam	G1
SRR16362017_TACAGTGTCGGGTCCA-1.bam	G1
SRR16362017_TACCTATAGCAGTCTT-1.bam	S
SRR16362017_TACCTATCACCCGTTT-1.bam	G1
SRR16362017_TACCTTAGTTCGGTGC-1.bam	S
SRR16362017_TACGGGCTCCACCCAT-1.bam	G1
SRR16362017_TACGGGCTCTGCCGTT-1.bam	G1
SRR16362017_TACGGTAGTACAGGAC-1.bam	G1
SRR16362017_TACTCATCATAGGGCA-1.bam	G1
SRR16362017_TACTCGCCAATGTGTC-1.bam	G1
SRR16362017_TACTCGCCAGGATCCC-1.bam	G1
SRR16362017_TACTTACCACCTTGCT-1.bam	G1
SRR16362017_TACTTACGTTCTCAAG-1.bam	G1
SRR16362017_TAGACCAAGTAGGTGC-1.bam	S
SRR16362017_TAGCCGGGTTAGCTCA-1.bam	S
SRR16362017_TAGGCATAGCTAGCCC-1.bam	S
SRR16362017_TAGGCATTCTCAGCGG-1.bam	G1
SRR16362017_TAGTGGTCATCCAGCG-1.bam	G1
SRR16362017_TATCAGGGTCACGCAC-1.bam	G1
SRR16362017_TATCAGGGTCAGGTAG-1.bam	G1
SRR16362017_TATCTCAAGACTGGGT-1.bam	G1
SRR16362017_TATCTCAAGTGCTGCC-1.bam	G1
SRR16362017_TATCTCATCATCACTT-1.bam	G1
SRR16362017_TATCTCATCGATAGGG-1.bam	G1
SRR16362017_TATGCCCCAACTAGTC-1.bam	G1
SRR16362017_TATGCCCGTCCGGGTT-1.bam	G1
SRR16362017_TATTACCCAAGAGACC-1.bam	G1
SRR16362017_TCAACGATCAACTGAC-1.bam	G1
SRR16362017_TCAATCTCAAGAATCA-1.bam	G1
SRR16362017_TCAATCTGTTGCCAAT-1.bam	S
SRR16362017_TCACAAGCATGAGGGT-1.bam	G1
SRR16362017_TCAGATGAGTACACCT-1.bam	G1
SRR16362017_TCAGATGAGTGCGATG-1.bam	G1
SRR16362017_TCAGCAAAGAGTACAT-1.bam	S
SRR16362017_TCAGCTCAGAACTTCC-1.bam	G1
SRR16362017_TCAGCTCCACTTTCCG-1.bam	G1
SRR16362017_TCAGGTAGTGCATCTA-1.bam	G1
SRR16362017_TCAGGTATCCGGTTCT-1.bam	G1
SRR16362017_TCATTACCAACTGGAG-1.bam	G1
SRR16362017_TCATTACGTGGTGCAA-1.bam	G1
SRR16362017_TCATTACTCGGGAAAC-1.bam	G1
SRR16362017_TCCCGATCAAGAATCA-1.bam	G1
SRR16362017_TCGAGGCCACAGCTGC-1.bam	G1
SRR16362017_TCGAGGCCAGCATGTT-1.bam	S
SRR16362017_TCGAGGCCAGGTCTGC-1.bam	S
SRR16362017_TCGGGACAGCTGTCTA-1.bam	G1
SRR16362017_TCGGGACTCACTCATT-1.bam	G1
SRR16362017_TCGGTAAGTTCGTCAA-1.bam	G1
SRR16362017_TCGTAGATCCTTCGTG-1.bam	G1
SRR16362017_TCTGAGAAGTTCGCAT-1.bam	S
SRR16362017_TCTGGAACAGGCCGTT-1.bam	G1
SRR16362017_TCTGGAAGTATATGAG-1.bam	G1
SRR16362017_TCTGGAATCTTGTCCG-1.bam	S
SRR16362017_TCTTCGGAGCAAAGCC-1.bam	G1
SRR16362017_TCTTCGGCAGCGTCAC-1.bam	S
SRR16362017_TCTTCGGGTGATGTTC-1.bam	S
SRR16362017_TCTTCGGTCGTTGCAA-1.bam	G1
SRR16362017_TGAAAGATCGCGTGGT-1.bam	S
SRR16362017_TGACAACCAAGGCTAG-1.bam	S
SRR16362017_TGACAACCATGGCTAT-1.bam	G1
SRR16362017_TGACGGCGTCAAGTCT-1.bam	G1
SRR16362017_TGACTAGAGGCAGTCA-1.bam	G1
SRR16362017_TGACTTTAGCAGCGTA-1.bam	S
SRR16362017_TGACTTTTCGACGAAG-1.bam	S
SRR16362017_TGAGAGGAGACTTCCA-1.bam	G1
SRR16362017_TGAGAGGAGGTACTCT-1.bam	G1
SRR16362017_TGAGAGGCACTAGGCC-1.bam	G1
SRR16362017_TGAGAGGCATAGGACG-1.bam	G1
SRR16362017_TGAGAGGGTTTACGGT-1.bam	G1
SRR16362017_TGAGCCGAGTACGTTC-1.bam	G1
SRR16362017_TGAGCCGGTACTCCGG-1.bam	G1
SRR16362017_TGATTTCCACCCTCTA-1.bam	G1
SRR16362017_TGATTTCGTCATTACG-1.bam	G1
SRR16362017_TGATTTCGTGTGTATC-1.bam	G1
SRR16362017_TGCACCTGTAACGCGA-1.bam	G1
SRR16362017_TGCCAAAAGGGTTTCT-1.bam	G1
SRR16362017_TGCCCTAAGTAGATGT-1.bam	G1
SRR16362017_TGCGCAGCATACTGCA-1.bam	G1
SRR16362017_TGCGGGTAGCTAGGCA-1.bam	G1
SRR16362017_TGCGGGTTCGAAAGGC-1.bam	S
SRR16362017_TGCGTGGAGTACGACG-1.bam	G1
SRR16362017_TGCGTGGGTTATCGGT-1.bam	G1
SRR16362017_TGCTACCGTCTGCCAG-1.bam	G1
SRR16362017_TGCTGCTTCATGGGCC-1.bam	G1
SRR16362017_TGGACGCGTTGGTGAG-1.bam	G1
SRR16362017_TGGACGCTCGCACAGC-1.bam	S
SRR16362017_TGGCCAGCACAATGTC-1.bam	G1
SRR16362017_TGGCTGGCAGAGGTCA-1.bam	G1
SRR16362017_TGGCTGGTCGACTGCG-1.bam	S
SRR16362017_TGGGAAGAGGACAGCT-1.bam	S
SRR16362017_TGGGCGTTCCACAGCG-1.bam	G1
SRR16362017_TGGGCGTTCCTGCGTT-1.bam	G1
SRR16362017_TGGTTAGCAGGAGCAT-1.bam	G1
SRR16362017_TGGTTCCGTTTACTTC-1.bam	G1
SRR16362017_TGTATTCAGCAAATCA-1.bam	G1
SRR16362017_TGTGGTAAGTACTTGC-1.bam	G1
SRR16362017_TGTGGTATCAGAAACA-1.bam	S
SRR16362017_TGTGTTTAGGTGTGGT-1.bam	S
SRR16362017_TGTGTTTCATGGCTAT-1.bam	G1
SRR16362017_TGTGTTTGTCAACTGT-1.bam	G1
SRR16362017_TGTGTTTTCATCGCCT-1.bam	G1
SRR16362017_TGTTCCGTCTAGCCTC-1.bam	S
SRR16362017_TTAGGACCAACGGCTC-1.bam	S
SRR16362017_TTAGGCACAGAGGCAT-1.bam	G1
SRR16362017_TTAGGCACATATGTGC-1.bam	G1
SRR16362017_TTAGGCAGTGTGATCT-1.bam	G1
SRR16362017_TTAGGCATCTGAAGTC-1.bam	G1
SRR16362017_TTCCCAGAGCTCCTTC-1.bam	G1
SRR16362017_TTCGAAGAGTTAGGTA-1.bam	G1
SRR16362017_TTCGAAGGTTACGCGC-1.bam	G1
SRR16362017_TTCGAAGTCGTTAGGT-1.bam	G1
SRR16362017_TTCTACAAGCCTATGT-1.bam	G1
SRR16362017_TTCTACAAGTAGTGCG-1.bam	G1
SRR16362017_TTCTACACATGAGGGT-1.bam	S
SRR16362017_TTCTCAAGTTTCCTGC-1.bam	G1
SRR16362017_TTCTCCTAGCAATCTC-1.bam	G1
SRR16362017_TTCTCCTCAACTGGAG-1.bam	G1
SRR16362017_TTCTCCTTCGGATCCG-1.bam	G1
SRR16362017_TTGCCGTAGGCTAGCA-1.bam	G1
SRR16362017_TTGGAACCAGTGCTGC-1.bam	S
SRR16362017_TTGGAACTCTGTATTC-1.bam	G1
SRR16362017_TTGGCAAAGAGCTGGT-1.bam	S
SRR16362017_TTTACTGCACAGTGTT-1.bam	G1
SRR16362017_TTTATGCAGTTAGGTA-1.bam	S
SRR16362017_TTTATGCCACAGAGCA-1.bam	G1
SRR16362017_TTTCCTCCAAGTGACG-1.bam	G1
SRR16362017_TTTCCTCGTGGAAACC-1.bam	G1
SRR16362017_TTTGCGCCATATGTGC-1.bam	G1
SRR16362017_TTTGGTTCAAGACGCA-1.bam	S
SRR16362017_TTTGGTTGTGTCTGTA-1.bam	G1
SRR16362017_TTTGGTTTCGAGGAGT-1.bam	G1
SRR16362017_TTTGTCAGTCTAGGTT-1.bam	G1
SRR16362018_AAACCTGAGGGCATGT-1.bam	G1
SRR16362018_AAACGGGTCCGCGGAT-1.bam	G1
SRR16362018_AAAGATGCAGAGACGT-1.bam	G1
SRR16362018_AAAGATGGTTAGTGAA-1.bam	G1
SRR16362018_AAAGCAAAGATATGCA-1.bam	G1
SRR16362018_AAAGTAGGTCCTCCAT-1.bam	G1
SRR16362018_AAAGTAGTCGGATGCC-1.bam	G1
SRR16362018_AAATGCCCACTATGCA-1.bam	G1
SRR16362018_AACACGTTCTCCAGCT-1.bam	G1
SRR16362018_AACCGCGCACGGGATA-1.bam	G1
SRR16362018_AACGTTGAGGTAAACT-1.bam	G1
SRR16362018_AACGTTGTCATTGCTT-1.bam	G1
SRR16362018_AACGTTGTCTACGGGC-1.bam	G1
SRR16362018_AACTCAGAGACAAGCC-1.bam	G1
SRR16362018_AACTCAGCATTTAGGC-1.bam	G1
SRR16362018_AACTCAGGTTGACCCG-1.bam	G1
SRR16362018_AACTCAGGTTGCTGAT-1.bam	G1
SRR16362018_AACTCCCAGAAAGCTT-1.bam	G1
SRR16362018_AACTCCCCAAGTAAGT-1.bam	G1
SRR16362018_AACTCCCCACAGAGCA-1.bam	G1
SRR16362018_AACTGGTAGGTGTGGT-1.bam	G1
SRR16362018_AACTGGTCAAGTCGGA-1.bam	G1
SRR16362018_AAGACCTCAGTTCCGG-1.bam	G1
SRR16362018_AAGCCGCAGCACGCCT-1.bam	G1
SRR16362018_AAGCCGCGTGCCTACG-1.bam	G1
SRR16362018_AAGGCAGCATGTTGCA-1.bam	G1
SRR16362018_AAGGTTCAGGATCCTT-1.bam	G1
SRR16362018_AAGGTTCGTTTACTCT-1.bam	G1
SRR16362018_AAGTCTGAGAAGCCCA-1.bam	G1
SRR16362018_AAGTCTGAGGGATTCG-1.bam	G1
SRR16362018_AATCCAGAGGCAACAC-1.bam	G1
SRR16362018_AATCGGTAGTACGTTC-1.bam	G1
SRR16362018_AATCGGTCATTGCCGG-1.bam	G1
SRR16362018_AATCGGTGTGATTGTC-1.bam	G1
SRR16362018_ACACCAAAGCTTCAGT-1.bam	G1
SRR16362018_ACACCAAGTCCCTGGA-1.bam	G1
SRR16362018_ACACCCTCAAATTCCG-1.bam	G1
SRR16362018_ACACCCTTCGAGAGGT-1.bam	G1
SRR16362018_ACACCGGGTGGAAGGG-1.bam	G1
SRR16362018_ACAGCCGGTAACACTC-1.bam	G1
SRR16362018_ACAGCTATCAGCCACG-1.bam	G1
SRR16362018_ACATCAGCAAACGAGC-1.bam	G1
SRR16362018_ACATCAGCACAGTGTT-1.bam	G1
SRR16362018_ACATGGTAGCAGTCTT-1.bam	G1
SRR16362018_ACCAGTAAGGACTGGT-1.bam	G1
SRR16362018_ACCAGTACAACGTTTG-1.bam	G1
SRR16362018_ACCAGTATCAGGACAG-1.bam	G1
SRR16362018_ACCCACTTCTTGGATG-1.bam	G1
SRR16362018_ACCGTAATCTGGTAGT-1.bam	G1
SRR16362018_ACCGTAATCTGTTGTT-1.bam	G1
SRR16362018_ACGAGCCAGCCAGAAC-1.bam	G1
SRR16362018_ACGAGCCAGCCATGCC-1.bam	G1
SRR16362018_ACGAGCCCACGCGATC-1.bam	G1
SRR16362018_ACGAGGACAGATACCT-1.bam	G1
SRR16362018_ACGAGGATCCTTGAAG-1.bam	G1
SRR16362018_ACGATACAGTTTCTGG-1.bam	G1
SRR16362018_ACGATGTAGCATGGCA-1.bam	G1
SRR16362018_ACGATGTGTCGGCATC-1.bam	G1
SRR16362018_ACGATGTTCAGCGGCT-1.bam	G1
SRR16362018_ACGCCAGCACCCAAAT-1.bam	G1
SRR16362018_ACGCCAGTCTGTGGCG-1.bam	G1
SRR16362018_ACGCCGAGTACGTTCA-1.bam	G1
SRR16362018_ACGCCGATCAACAGCT-1.bam	G1
SRR16362018_ACGCCGATCATTTGCT-1.bam	G1
SRR16362018_ACGGAGACATTTAGGC-1.bam	G1
SRR16362018_ACGGAGATCGGGAAAC-1.bam	G1
SRR16362018_ACGGCCACATTTCCAT-1.bam	G1
SRR16362018_ACGGCCATCAACAGTC-1.bam	G1
SRR16362018_ACGGGTCCACACGCAC-1.bam	G1
SRR16362018_ACGTCAAAGGGTCTCC-1.bam	G1
SRR16362018_ACGTCAACAATCTCTT-1.bam	G1
SRR16362018_ACGTCAAGTATGACTC-1.bam	G1
SRR16362018_ACTGAACGTGGATAGC-1.bam	G1
SRR16362018_ACTGAACGTGGCAACA-1.bam	G1
SRR16362018_ACTGATGCAAACTCAC-1.bam	G1
SRR16362018_ACTGCTCCACAAGGAC-1.bam	G1
SRR16362018_ACTGTCCGTAGAACAT-1.bam	G1
SRR16362018_ACTTACTTCTCATGTT-1.bam	G1
SRR16362018_ACTTGTTTCGAGAGGT-1.bam	G1
SRR16362018_AGAGCTTTCTCCACAC-1.bam	G1
SRR16362018_AGAGTGGGTAACACTC-1.bam	G1
SRR16362018_AGAGTGGGTAAGTAAC-1.bam	G1
SRR16362018_AGATCTGCAAAGGGTC-1.bam	G1
SRR16362018_AGATTGCCAAGGTCGA-1.bam	G1
SRR16362018_AGATTGCGTATGCGGA-1.bam	G1
SRR16362018_AGCATACAGAGCCCAA-1.bam	G1
SRR16362018_AGCATACTCTACGGGC-1.bam	G1
SRR16362018_AGCGTATCAAGGTGAC-1.bam	G1
SRR16362018_AGCGTATGTCCAGCCA-1.bam	G1
SRR16362018_AGCTCCTAGCGGATCA-1.bam	G1
SRR16362018_AGCTCCTAGCTATGCT-1.bam	G1
SRR16362018_AGCTCCTTCGACCCTT-1.bam	G1
SRR16362018_AGCTCTCAGATTACCC-1.bam	G1
SRR16362018_AGCTCTCAGGAGTCTG-1.bam	G1
SRR16362018_AGCTCTCGTCGCGAAA-1.bam	G1
SRR16362018_AGCTCTCGTCTAGGGA-1.bam	G1
SRR16362018_AGGCCACAGTAGGTGC-1.bam	G1
SRR16362018_AGGCCACGTACAGGAC-1.bam	G1
SRR16362018_AGGCCGTGTCTGCCAG-1.bam	G1
SRR16362018_AGGCCGTGTGGACGTA-1.bam	G1
SRR16362018_AGGGAGTCACAAACTC-1.bam	G1
SRR16362018_AGGGAGTGTAGAATAC-1.bam	G1
SRR16362018_AGGGATGTCAAGAAAC-1.bam	G1
SRR16362018_AGGGTGATCTTCACAT-1.bam	G1
SRR16362018_AGGTCATAGGCGCTCT-1.bam	G1
SRR16362018_AGGTCATAGGGAACGG-1.bam	G1
SRR16362018_AGGTCATCACGAGCTC-1.bam	G1
SRR16362018_AGGTCCGGTGAGCGAT-1.bam	G1
SRR16362018_AGTAGTCCATAGGACG-1.bam	G1
SRR16362018_AGTCTTTGTGAACACG-1.bam	G1
SRR16362018_AGTGGGAGTTATGCGT-1.bam	G1
SRR16362018_AGTGGGATCGAAATCC-1.bam	G1
SRR16362018_AGTGTCAGTAGGCTGA-1.bam	G1
SRR16362018_AGTGTCATCGATAGTC-1.bam	G1
SRR16362018_AGTTGGTAGTGTTTGC-1.bam	G1
SRR16362018_ATAAGAGCAACAGCCC-1.bam	G1
SRR16362018_ATAAGAGTCAGCCCGA-1.bam	G1
SRR16362018_ATAAGAGTCGGGAAAC-1.bam	G1
SRR16362018_ATAGACCCAATGGCTT-1.bam	G1
SRR16362018_ATAGACCGTCTCTCGT-1.bam	G1
SRR16362018_ATCACGAAGTTAACGA-1.bam	G1
SRR16362018_ATCACGACAGATTGTC-1.bam	G1
SRR16362018_ATCACGACAGTGAAAT-1.bam	G1
SRR16362018_ATCACGATCTCATACT-1.bam	G1
SRR16362018_ATCATCTAGTAACCCT-1.bam	G1
SRR16362018_ATCATGGAGATATGGT-1.bam	G1
SRR16362018_ATCCACCGTAGCGTCC-1.bam	G1
SRR16362018_ATCCACCTCCTCTCAG-1.bam	G1
SRR16362018_ATCGAGTCAACGGCTC-1.bam	G1
SRR16362018_ATCGAGTGTATCAGTC-1.bam	G1
SRR16362018_ATCTACTTCTAAGACC-1.bam	G1
SRR16362018_ATCTGCCCATCGGGCT-1.bam	G1
SRR16362018_ATGCGATCATTTGTGG-1.bam	G1
SRR16362018_ATGCGATGTATCGCCG-1.bam	G1
SRR16362018_ATGCGATTCTCGAACA-1.bam	G1
SRR16362018_ATGGGAGTCCGAGTCG-1.bam	G1
SRR16362018_ATGGGAGTCTACAGCA-1.bam	G1
SRR16362018_ATGTGTGTCTAGAGCT-1.bam	G1
SRR16362018_ATTACTCTCACGCTCT-1.bam	G1
SRR16362018_ATTATCCCATAGACAA-1.bam	G1
SRR16362018_ATTCTACTCAGCATAC-1.bam	G1
SRR16362018_ATTGGTGCAGACTCCG-1.bam	G1
SRR16362018_CAACCAAAGAAGATTC-1.bam	G1
SRR16362018_CAACCAAGTCAGCCGT-1.bam	G1
SRR16362018_CAACCTCCATCTAAGC-1.bam	G1
SRR16362018_CAACTAGGTGCTCTGG-1.bam	G1
SRR16362018_CAAGAAAGTGTTCCGG-1.bam	G1
SRR16362018_CAAGAAAGTTTAGGAA-1.bam	G1
SRR16362018_CAAGATCGTGAGCGAT-1.bam	G1
SRR16362018_CAAGATCGTGGTAAGC-1.bam	G1
SRR16362018_CAAGGCCAGTGTATCC-1.bam	G1
SRR16362018_CAAGGCCAGTTGGCTT-1.bam	G1
SRR16362018_CAAGTTGGTCCATGAT-1.bam	G1
SRR16362018_CACAAACCAGAGGTCA-1.bam	G1
SRR16362018_CACACAATCAAGTGCT-1.bam	G1
SRR16362018_CACACTCCATGAAAGT-1.bam	G1
SRR16362018_CACAGGCCAGAACAGC-1.bam	G1
SRR16362018_CACATAGAGTACAGTA-1.bam	G1
SRR16362018_CACATAGGTCTCGGTG-1.bam	G1
SRR16362018_CACATAGTCTAGCTAG-1.bam	G1
SRR16362018_CACATTTAGGATATAC-1.bam	G1
SRR16362018_CACCACTGTAGACCAG-1.bam	G1
SRR16362018_CACCACTGTGGATAGC-1.bam	G1
SRR16362018_CACCTTGAGGCGATAC-1.bam	G1
SRR16362018_CACCTTGGTACGTTCA-1.bam	G1
SRR16362018_CACCTTGTCGGAGAAC-1.bam	G1
SRR16362018_CACTCCACACACGCAC-1.bam	G1
SRR16362018_CACTCCACACTGGCCA-1.bam	G1
SRR16362018_CACTCCACAGAGGCAT-1.bam	G1
SRR16362018_CAGAATCTCCGATACA-1.bam	G1
SRR16362018_CAGAGAGCACGATGGA-1.bam	G1
SRR16362018_CAGAGAGCATGCGTGC-1.bam	S
SRR16362018_CAGCAGCTCGGGTCAC-1.bam	G1
SRR16362018_CAGCCGAGTCAAGTCT-1.bam	G1
SRR16362018_CAGCCGAGTTGAACTC-1.bam	G1
SRR16362018_CAGCTAAGTAGATAGT-1.bam	G1
SRR16362018_CAGCTAAGTCTCGAGC-1.bam	G1
SRR16362018_CAGCTGGCATATGTGC-1.bam	G1
SRR16362018_CAGGTGCTCAGTTCTT-1.bam	G1
SRR16362018_CAGTAACAGTGGCACA-1.bam	G1
SRR16362018_CAGTAACGTTCCGTCT-1.bam	G1
SRR16362018_CAGTAACTCTAAGGAA-1.bam	G1
SRR16362018_CATATGGAGCCGAACA-1.bam	G1
SRR16362018_CATCAAGGTTTCCTGC-1.bam	G1
SRR16362018_CATCGAACATGAGGGT-1.bam	G1
SRR16362018_CATCGAATCCATTTGT-1.bam	G1
SRR16362018_CATCGGGAGTGGAGAA-1.bam	G1
SRR16362018_CATGACAAGGGATTCG-1.bam	G1
SRR16362018_CATGCCTAGACTGTAA-1.bam	G1
SRR16362018_CATTATCCAGTCCCTT-1.bam	G1
SRR16362018_CCAATCCTCCCATGTC-1.bam	G1
SRR16362018_CCACCTAAGGGTTCCC-1.bam	G1
SRR16362018_CCACCTAAGTACACCT-1.bam	G1
SRR16362018_CCACGGAAGGATGCGT-1.bam	G1
SRR16362018_CCACTACTCTCGGAAT-1.bam	G1
SRR16362018_CCAGCGATCAGCGCGT-1.bam	G1
SRR16362018_CCATGTCGTCACCAGC-1.bam	G1
SRR16362018_CCATTCGAGAAGGGTA-1.bam	G1
SRR16362018_CCATTCGTCACGAGTT-1.bam	G1
SRR16362018_CCCAATCGTGAAGCCA-1.bam	G1
SRR16362018_CCCATACCATGAAAGT-1.bam	G1
SRR16362018_CCGGGATAGTACGACG-1.bam	G1
SRR16362018_CCGGTAGCACAGCTGC-1.bam	G1
SRR16362018_CCGGTAGCATCATGGT-1.bam	G1
SRR16362018_CCGTGGACATGCCGCA-1.bam	G1
SRR16362018_CCGTGGATCGTTGGAT-1.bam	G1
SRR16362018_CCGTTCAGTTCTCAAG-1.bam	G1
SRR16362018_CCTAAAGTCGTAGCGC-1.bam	G1
SRR16362018_CCTAAAGTCTGCGGGT-1.bam	G1
SRR16362018_CCTATTAGTAAGTGTA-1.bam	G1
SRR16362018_CCTCAGTAGGCAACAC-1.bam	G1
SRR16362018_CCTCAGTCAGGACCAA-1.bam	G1
SRR16362018_CCTCTGAGTAATGACA-1.bam	G1
SRR16362018_CCTTACGCATTGTCTT-1.bam	G1
SRR16362018_CCTTCCCAGGCTGCTC-1.bam	G1
SRR16362018_CCTTCCCGTGGAGCTA-1.bam	G1
SRR16362018_CCTTCGAGTTCGTCAA-1.bam	G1
SRR16362018_CCTTTCTAGATAGTCA-1.bam	G1
SRR16362018_CGAACATAGTGAACAT-1.bam	G1
SRR16362018_CGAACATGTTAGTGAA-1.bam	G1
SRR16362018_CGAACATTCCGACCAG-1.bam	G1
SRR16362018_CGAACATTCTCGGTTC-1.bam	G1
SRR16362018_CGAATGTCAGCGTCAC-1.bam	G1
SRR16362018_CGAATGTGTAGGGACT-1.bam	G1
SRR16362018_CGACTTCGTCTTCACC-1.bam	G1
SRR16362018_CGAGAAGAGGCTAGAC-1.bam	G1
SRR16362018_CGAGAAGTCGCTCTGT-1.bam	G1
SRR16362018_CGAGCACAGAAGATTC-1.bam	G1
SRR16362018_CGAGCACAGGCGCTCT-1.bam	G1
SRR16362018_CGAGCACGTAGGGTGT-1.bam	G1
SRR16362018_CGAGCCAAGAGTGACC-1.bam	G1
SRR16362018_CGATGGCTCCGCCTAT-1.bam	G1
SRR16362018_CGATGTAGTGTGTATC-1.bam	G1
SRR16362018_CGATTGAAGTTGTAGA-1.bam	G1
SRR16362018_CGCTATCTCGGATCCG-1.bam	G1
SRR16362018_CGGACACAGTACGACG-1.bam	G1
SRR16362018_CGGACACCACAGAGCA-1.bam	G1
SRR16362018_CGGACGTAGCCGTCGT-1.bam	G1
SRR16362018_CGGACGTGTGTGCTTA-1.bam	G1
SRR16362018_CGGAGCTTCGGTCACG-1.bam	G1
SRR16362018_CGGAGTCTCTGCTACC-1.bam	G1
SRR16362018_CGGCTAGGTAGCAGGT-1.bam	G1
SRR16362018_CGGGTCACATGACCGC-1.bam	G1
SRR16362018_CGTAGCGAGACCCACC-1.bam	G1
SRR16362018_CGTAGCGCACTCCGAG-1.bam	G1
SRR16362018_CGTAGGCAGTGGGCTA-1.bam	G1
SRR16362018_CGTCAGGGTACCGTGC-1.bam	G1
SRR16362018_CGTCCATAGGGTTCCC-1.bam	G1
SRR16362018_CGTGAGCCACAATCAC-1.bam	G1
SRR16362018_CGTGAGCGTTTGGGCC-1.bam	G1
SRR16362018_CGTGTCTCAATGTGTC-1.bam	G1
SRR16362018_CGTTAGAGTTTCGCAA-1.bam	G1
SRR16362018_CGTTAGATCCGACCAG-1.bam	G1
SRR16362018_CGTTCTGGTTAGAATG-1.bam	G1
SRR16362018_CTAACTTAGGCCCGTT-1.bam	G1
SRR16362018_CTAACTTTCGTTGCTC-1.bam	G1
SRR16362018_CTAAGACAGATATGGT-1.bam	G1
SRR16362018_CTAAGACCAGTTTGCA-1.bam	G1
SRR16362018_CTAATGGAGGTACTCT-1.bam	G1
SRR16362018_CTAATGGGTACTCCGG-1.bam	G1
SRR16362018_CTAATGGGTCAAGTCT-1.bam	G1
SRR16362018_CTACACCAGTCGATAA-1.bam	G1
SRR16362018_CTACACCTCTGTTGTT-1.bam	G1
SRR16362018_CTACATTTCACGCGAC-1.bam	G1
SRR16362018_CTACATTTCGATACAC-1.bam	G1
SRR16362018_CTACCCAAGCTCAACT-1.bam	G1
SRR16362018_CTACCCACACGAAGGT-1.bam	G1
SRR16362018_CTACGTCAGTGTACGG-1.bam	G1
SRR16362018_CTAGAGTAGGAGCGAG-1.bam	G1
SRR16362018_CTAGCCTAGCGTGAAC-1.bam	G1
SRR16362018_CTAGCCTTCCGGTTCT-1.bam	G1
SRR16362018_CTAGTGATCTGAAGTC-1.bam	G1
SRR16362018_CTCATTAAGGACAGAA-1.bam	G1
SRR16362018_CTCATTAGTTAGCTCA-1.bam	G1
SRR16362018_CTCCTAGGTCAAGTCT-1.bam	G1
SRR16362018_CTCCTAGTCCAGGTTA-1.bam	G1
SRR16362018_CTCGAAATCCGCGGAT-1.bam	G1
SRR16362018_CTCGAGGAGAAACCAT-1.bam	G1
SRR16362018_CTCGAGGGTGAGCTCC-1.bam	G1
SRR16362018_CTCGGAGTCACTCATT-1.bam	G1
SRR16362018_CTCGGGATCTATGCCC-1.bam	G1
SRR16362018_CTCGTCATCCTCTGTG-1.bam	G1
SRR16362018_CTCTACGAGAATTCCC-1.bam	G1
SRR16362018_CTCTACGGTCTTACCC-1.bam	G1
SRR16362018_CTCTGGTCAAGACGCA-1.bam	G1
SRR16362018_CTCTGGTTCAGCCCGA-1.bam	G1
SRR16362018_CTGAAACTCTGCCGTT-1.bam	G1
SRR16362018_CTGAAGTAGACTTGAA-1.bam	G1
SRR16362018_CTGATCCAGGCCCACT-1.bam	G1
SRR16362018_CTGATCCGTATGCGGA-1.bam	G1
SRR16362018_CTGCCTAAGATAGTCA-1.bam	G1
SRR16362018_CTGCGGAAGTAGATCA-1.bam	G1
SRR16362018_CTGCTGTAGTCCCACG-1.bam	G1
SRR16362018_CTGCTGTGTGCAACCC-1.bam	G1
SRR16362018_CTGGTCTAGCCGAACA-1.bam	G1
SRR16362018_CTGGTCTTCTGGCAGC-1.bam	G1
SRR16362018_CTGTGCTCAGCACACC-1.bam	G1
SRR16362018_CTTAGGACACGTACAT-1.bam	G1
SRR16362018_CTTCTCTAGTGATTGA-1.bam	G1
SRR16362018_CTTCTCTTCCCATGTC-1.bam	G1
SRR16362018_CTTGGCTGTTTGTCTT-1.bam	G1
SRR16362018_CTTGGCTTCAAGCCGC-1.bam	G1
SRR16362018_CTTTGCGAGAGGTACC-1.bam	G1
SRR16362018_CTTTGCGCAACATGGG-1.bam	G1
SRR16362018_CTTTGCGTCAAGACAA-1.bam	G1
SRR16362018_CTTTGCGTCGACTTCC-1.bam	G1
SRR16362018_GAAATGAAGTCTAGCT-1.bam	G1
SRR16362018_GAAATGATCGAAATCC-1.bam	G1
SRR16362018_GAACATCAGTACGATA-1.bam	G1
SRR16362018_GAACATCTCATGGTGT-1.bam	G1
SRR16362018_GAACCTAGTGACTGAG-1.bam	G1
SRR16362018_GAACGGAAGCGATCCC-1.bam	G1
SRR16362018_GAACGGATCGGTGCAC-1.bam	G1
SRR16362018_GAAGCAGCATGATAAG-1.bam	G1
SRR16362018_GAAGCAGGTAGCAGGT-1.bam	G1
SRR16362018_GAATGAACAGATTGTC-1.bam	G1
SRR16362018_GACACGCCAACCTGAT-1.bam	G1
SRR16362018_GACACGCTCCTATGAG-1.bam	G1
SRR16362018_GACACGCTCTGATCAG-1.bam	G1
SRR16362018_GACCAATAGGCATTTC-1.bam	G1
SRR16362018_GACCTGGAGTGATGGC-1.bam	G1
SRR16362018_GACGTTAAGGTGACCA-1.bam	G1
SRR16362018_GACTACAAGCTGAACG-1.bam	G1
SRR16362018_GACTGCGCATAGGGCA-1.bam	G1
SRR16362018_GACTGCGGTGATGTTC-1.bam	G1
SRR16362018_GAGGTGAAGGTACTCT-1.bam	G1
SRR16362018_GAGGTGACATTGCATG-1.bam	G1
SRR16362018_GAGTCCGAGTCGTACT-1.bam	G1
SRR16362018_GATCGATAGAAGATTC-1.bam	G1
SRR16362018_GATCGATGTCTAGGTT-1.bam	G1
SRR16362018_GATCGCGCAATGTGTC-1.bam	G1
SRR16362018_GATCGTAAGACAGGCT-1.bam	G1
SRR16362018_GATCGTATCCGACCAG-1.bam	G1
SRR16362018_GATGAGGTCGTTATCT-1.bam	G1
SRR16362018_GATTCAGCAACCTGGC-1.bam	G1
SRR16362018_GATTCAGCAGAACCAG-1.bam	G1
SRR16362018_GCAAACTCAGTCCCTT-1.bam	G1
SRR16362018_GCAAACTGTTGGCGTC-1.bam	G1
SRR16362018_GCACATATCTCCGGAG-1.bam	G1
SRR16362018_GCAGCCAAGAGCTGGT-1.bam	G1
SRR16362018_GCAGCCAGTTCGATTG-1.bam	G1
SRR16362018_GCAGTTAAGCCACGTC-1.bam	G1
SRR16362018_GCAGTTACATACCAGT-1.bam	G1
SRR16362018_GCATACACAGATGAAT-1.bam	G1
SRR16362018_GCATACAGTGTTACGT-1.bam	G1
SRR16362018_GCATGATCATTATCGG-1.bam	G1
SRR16362018_GCATGATTCGTTACTT-1.bam	G1
SRR16362018_GCATGCGAGCAGACTG-1.bam	S
SRR16362018_GCATGTAAGATAGTCA-1.bam	G1
SRR16362018_GCATGTACAGCCCATG-1.bam	G1
SRR16362018_GCATGTAGTACAGGAC-1.bam	G1
SRR16362018_GCATGTATCTGCCGTT-1.bam	G1
SRR16362018_GCATGTATCTTCACGC-1.bam	G1
SRR16362018_GCCAAATAGAATGGGA-1.bam	G1
SRR16362018_GCCAAATGTGATACCT-1.bam	G1
SRR16362018_GCCAAATTCGCAGCAC-1.bam	G1
SRR16362018_GCCAAATTCTCATGTT-1.bam	G1
SRR16362018_GCGACCAGTCCAGTGC-1.bam	G1
SRR16362018_GCGCAGTGTTGGGCAA-1.bam	G1
SRR16362018_GCGCCAAAGTCCATAC-1.bam	G1
SRR16362018_GCGCGATCAAACCGAG-1.bam	G1
SRR16362018_GCGCGATTCGGCTCAG-1.bam	G1
SRR16362018_GCGGGTTCATCTTTCA-1.bam	G1
SRR16362018_GCGGGTTTCTAGCCTC-1.bam	G1
SRR16362018_GCTCTGTAGAACTTCC-1.bam	G1
SRR16362018_GCTCTGTTCGCAGCAC-1.bam	G1
SRR16362018_GCTGCAGCATACTGCA-1.bam	G1
SRR16362018_GCTGCGATCATGTCAG-1.bam	G1
SRR16362018_GCTGCTTAGCATTCAC-1.bam	G1
SRR16362018_GCTGCTTCAGTGTGGA-1.bam	G1
SRR16362018_GCTGCTTCATGCAGTT-1.bam	G1
SRR16362018_GCTGGGTAGCTGTTCA-1.bam	G1
SRR16362018_GCTTCCATCACGATAC-1.bam	G1
SRR16362018_GCTTGAAAGCCCTAAT-1.bam	G1
SRR16362018_GCTTGAAGTCTGCCAG-1.bam	G1
SRR16362018_GCTTGAATCACCAGCG-1.bam	G1
SRR16362018_GCTTGAATCGATAAGA-1.bam	G1
SRR16362018_GGAACTTAGCTAGTTC-1.bam	G1
SRR16362018_GGAATAAGTACAAGGC-1.bam	G1
SRR16362018_GGACAAGTCTGTGAAC-1.bam	G1
SRR16362018_GGACAGAAGAGCTTCT-1.bam	G1
SRR16362018_GGACAGAGTCATGCTA-1.bam	G1
SRR16362018_GGACATTTCAAGAGGC-1.bam	G1
SRR16362018_GGACGTCCAACGAAAT-1.bam	G1
SRR16362018_GGACGTCTCTGCTACC-1.bam	G1
SRR16362018_GGAGCAACATCTTTCA-1.bam	G1
SRR16362018_GGAGCAAGTTGACCCG-1.bam	G1
SRR16362018_GGATGTTAGGACCACA-1.bam	G1
SRR16362018_GGATTACGTGACCCGT-1.bam	G1
SRR16362018_GGCAATTAGATATGCA-1.bam	G1
SRR16362018_GGCAATTCAGGGCTTC-1.bam	G1
SRR16362018_GGCCGATCATAGTGAA-1.bam	G1
SRR16362018_GGCGACTCAAGTGACG-1.bam	G1
SRR16362018_GGCGACTTCTCGTCTG-1.bam	G1
SRR16362018_GGCGACTTCTGTTGTT-1.bam	G1
SRR16362018_GGCGTGTCATCCATCC-1.bam	G1
SRR16362018_GGCTGGTAGATGTAAC-1.bam	G1
SRR16362018_GGCTGGTAGCTGTCTA-1.bam	G1
SRR16362018_GGCTGGTCAAACTCAC-1.bam	G1
SRR16362018_GGCTGGTCACAATGTC-1.bam	G1
SRR16362018_GGCTGGTCACTTGTTT-1.bam	G1
SRR16362018_GGCTGGTCAGGTGTGA-1.bam	G1
SRR16362018_GGCTGGTGTGATGTTC-1.bam	G1
SRR16362018_GGGAATGAGTGATCGG-1.bam	G1
SRR16362018_GGGAATGCAGTCGGAA-1.bam	G1
SRR16362018_GGGAATGCATTCATCT-1.bam	S
SRR16362018_GGGACCTAGTTGGCTT-1.bam	G1
SRR16362018_GGGACCTAGTTGTCGT-1.bam	G1
SRR16362018_GGGACCTTCTACGGAT-1.bam	G1
SRR16362018_GGGAGATTCCCAAGCG-1.bam	G1
SRR16362018_GGGATGATCGATGGTT-1.bam	G1
SRR16362018_GGGATGATCGTATTGG-1.bam	G1
SRR16362018_GGGCACTAGATCTGCT-1.bam	G1
SRR16362018_GGGCATCTCAGTGAAA-1.bam	G1
SRR16362018_GGGTCTGAGCCGGTAA-1.bam	G1
SRR16362018_GGGTCTGCATTTGTGG-1.bam	G1
SRR16362018_GGGTTGCAGCCCAACC-1.bam	G1
SRR16362018_GGGTTGCAGTGGAGTC-1.bam	G1
SRR16362018_GGTATTGGTGACCCAC-1.bam	G1
SRR16362018_GGTATTGTCCAGGAAG-1.bam	G1
SRR16362018_GGTGAAGCATGAAAGT-1.bam	G1
SRR16362018_GGTGAAGTCGGGTCCA-1.bam	G1
SRR16362018_GGTGTTAAGATACACA-1.bam	G1
SRR16362018_GGTGTTACATAGACAA-1.bam	G1
SRR16362018_GTAACTGCATCGGCGT-1.bam	G1
SRR16362018_GTACGTAAGAAGCCCA-1.bam	G1
SRR16362018_GTACGTATCTGGAGTT-1.bam	G1
SRR16362018_GTACTTTCAGGTCAAG-1.bam	G1
SRR16362018_GTACTTTGTTCTCTCG-1.bam	G1
SRR16362018_GTAGTCACAATAGGAT-1.bam	G1
SRR16362018_GTCAAGTTCATCTCCG-1.bam	G1
SRR16362018_GTCACAACATGTTTCT-1.bam	G1
SRR16362018_GTCACAAGTCTGGGCT-1.bam	G1
SRR16362018_GTCACGGCAGCCAGTC-1.bam	G1
SRR16362018_GTCACGGGTACTACAC-1.bam	G1
SRR16362018_GTCGGGTCACGTCATA-1.bam	G1
SRR16362018_GTCGGGTGTGACGGTA-1.bam	G1
SRR16362018_GTCGTAACACGCACGT-1.bam	G1
SRR16362018_GTCTCGTTCACGAGTT-1.bam	G1
SRR16362018_GTCTTCGAGGTGTAGC-1.bam	G1
SRR16362018_GTCTTCGCATGGAGAC-1.bam	G1
SRR16362018_GTCTTCGTCTACAAGC-1.bam	G1
SRR16362018_GTGCATATCTCATCCG-1.bam	G1
SRR16362018_GTGCGGTAGGTCGGAT-1.bam	G1
SRR16362018_GTGCGGTCAACAACTC-1.bam	G1
SRR16362018_GTGCGGTTCCTCAGTC-1.bam	G1
SRR16362018_GTGCTTCAGAGTACAT-1.bam	G1
SRR16362018_GTGCTTCAGTACGTAA-1.bam	G1
SRR16362018_GTGGGTCAGACTAGGC-1.bam	G1
SRR16362018_GTGGGTCTCGTGTCAA-1.bam	G1
SRR16362018_GTTAAGCTCTCGAACA-1.bam	G1
SRR16362018_GTTACAGTCCGCTCTA-1.bam	G1
SRR16362018_GTTACAGTCTATTGCT-1.bam	G1
SRR16362018_GTTCATTTCTTGTTAC-1.bam	G1
SRR16362018_GTTCGGGGTCGCCAAC-1.bam	G1
SRR16362018_GTTCGGGGTCTTCACC-1.bam	G1
SRR16362018_GTTCTCGCATGTTTCT-1.bam	G1
SRR16362018_GTTTCTAGTAACTGTC-1.bam	G1
SRR16362018_TAAGAGAAGAAGGTTT-1.bam	G1
SRR16362018_TAAGAGAGTACGTGCC-1.bam	G1
SRR16362018_TAAGAGAGTATGAAAC-1.bam	G1
SRR16362018_TAAGCGTTCATCGACA-1.bam	G1
SRR16362018_TAAGTGCCAGGTGTGA-1.bam	G1
SRR16362018_TACAGTGTCGGGTCCA-1.bam	G1
SRR16362018_TACCTATAGCAGTCTT-1.bam	G1
SRR16362018_TACCTATCACCCGTTT-1.bam	G1
SRR16362018_TACCTTAGTTCGGTGC-1.bam	G1
SRR16362018_TACGGGCTCCACCCAT-1.bam	G1
SRR16362018_TACGGTAGTACAGGAC-1.bam	G1
SRR16362018_TACTCATCATAGGGCA-1.bam	G1
SRR16362018_TACTCGCCAATGTGTC-1.bam	G1
SRR16362018_TACTCGCCAGGATCCC-1.bam	G1
SRR16362018_TACTTACCACCTTGCT-1.bam	G1
SRR16362018_TACTTACGTTCTCAAG-1.bam	G1
SRR16362018_TAGACCAAGTAGGTGC-1.bam	G1
SRR16362018_TAGGCATAGCTAGCCC-1.bam	G1
SRR16362018_TAGGCATTCTCAGCGG-1.bam	G1
SRR16362018_TAGTGGTCATCCAGCG-1.bam	G1
SRR16362018_TATCAGGGTCACGCAC-1.bam	G1
SRR16362018_TATCAGGGTCAGGTAG-1.bam	G1
SRR16362018_TATCTCAAGACTGGGT-1.bam	G1
SRR16362018_TATCTCAAGTGCTGCC-1.bam	G1
SRR16362018_TATCTCATCATCACTT-1.bam	G1
SRR16362018_TATCTCATCGATAGGG-1.bam	G1
SRR16362018_TATGCCCCAACTAGTC-1.bam	G1
SRR16362018_TATGCCCGTCCGGGTT-1.bam	G1
SRR16362018_TATTACCCAAGAGACC-1.bam	G1
SRR16362018_TCAACGATCAACTGAC-1.bam	G1
SRR16362018_TCAATCTCAAGAATCA-1.bam	G1
SRR16362018_TCAATCTGTTGCCAAT-1.bam	G1
SRR16362018_TCACAAGCATGAGGGT-1.bam	G1
SRR16362018_TCAGATGAGTACACCT-1.bam	G1
SRR16362018_TCAGATGAGTGCGATG-1.bam	G1
SRR16362018_TCAGCAAAGAGTACAT-1.bam	G1
SRR16362018_TCAGCTCAGAACTTCC-1.bam	G1
SRR16362018_TCAGCTCCACTTTCCG-1.bam	G1
SRR16362018_TCAGGTAGTGCATCTA-1.bam	G1
SRR16362018_TCAGGTATCCGGTTCT-1.bam	G1
SRR16362018_TCATTACCAACTGGAG-1.bam	G1
SRR16362018_TCATTACGTGGTGCAA-1.bam	G1
SRR16362018_TCATTACTCGGGAAAC-1.bam	G1
SRR16362018_TCCCGATCAAGAATCA-1.bam	G1
SRR16362018_TCGAGGCCACAGCTGC-1.bam	G1
SRR16362018_TCGAGGCCAGCATGTT-1.bam	G1
SRR16362018_TCGAGGCCAGGTCTGC-1.bam	G1
SRR16362018_TCGGGACAGCTGTCTA-1.bam	G1
SRR16362018_TCGGGACTCACTCATT-1.bam	G1
SRR16362018_TCGGTAAGTTCGTCAA-1.bam	G1
SRR16362018_TCGTAGATCCTTCGTG-1.bam	G1
SRR16362018_TCTGAGAAGTTCGCAT-1.bam	G1
SRR16362018_TCTGGAACAGGCCGTT-1.bam	G1
SRR16362018_TCTGGAAGTATATGAG-1.bam	G1
SRR16362018_TCTGGAATCTTGTCCG-1.bam	G1
SRR16362018_TCTTCGGAGCAAAGCC-1.bam	G1
SRR16362018_TCTTCGGCAGCGTCAC-1.bam	G1
SRR16362018_TCTTCGGGTGATGTTC-1.bam	G1
SRR16362018_TCTTCGGTCGTTGCAA-1.bam	G1
SRR16362018_TGACAACCAAGGCTAG-1.bam	G1
SRR16362018_TGACAACCATGGCTAT-1.bam	G1
SRR16362018_TGACGGCGTCAAGTCT-1.bam	G1
SRR16362018_TGACTAGAGGCAGTCA-1.bam	G1
SRR16362018_TGACTTTAGCAGCGTA-1.bam	G1
SRR16362018_TGACTTTTCGACGAAG-1.bam	G1
SRR16362018_TGAGAGGAGGTACTCT-1.bam	G1
SRR16362018_TGAGAGGCACTAGGCC-1.bam	G1
SRR16362018_TGAGAGGCATAGGACG-1.bam	G1
SRR16362018_TGAGCCGAGTACGTTC-1.bam	G1
SRR16362018_TGAGCCGGTACTCCGG-1.bam	G1
SRR16362018_TGATTTCCACCCTCTA-1.bam	G1
SRR16362018_TGATTTCGTCATTACG-1.bam	G1
SRR16362018_TGATTTCGTGTGTATC-1.bam	G1
SRR16362018_TGCACCTGTAACGCGA-1.bam	G1
SRR16362018_TGCCAAAAGGGTTTCT-1.bam	G1
SRR16362018_TGCCCTAAGTAGATGT-1.bam	G1
SRR16362018_TGCGCAGCATACTGCA-1.bam	G1
SRR16362018_TGCGGGTAGCTAGGCA-1.bam	G1
SRR16362018_TGCGGGTTCGAAAGGC-1.bam	G1
SRR16362018_TGCGTGGAGTACGACG-1.bam	G1
SRR16362018_TGCGTGGGTTATCGGT-1.bam	G1
SRR16362018_TGCTACCGTCTGCCAG-1.bam	G1
SRR16362018_TGCTGCTTCATGGGCC-1.bam	G1
SRR16362018_TGGACGCGTTGGTGAG-1.bam	G1
SRR16362018_TGGACGCTCGCACAGC-1.bam	G1
SRR16362018_TGGCCAGCACAATGTC-1.bam	G1
SRR16362018_TGGCTGGCAGAGGTCA-1.bam	G1
SRR16362018_TGGCTGGTCGACTGCG-1.bam	G1
SRR16362018_TGGGAAGAGGACAGCT-1.bam	S
SRR16362018_TGGGCGTTCCACAGCG-1.bam	G1
SRR16362018_TGGGCGTTCCTGCGTT-1.bam	G1
SRR16362018_TGGTTAGCAACGCGTC-1.bam	G1
SRR16362018_TGGTTAGCAGGAGCAT-1.bam	G1
SRR16362018_TGGTTCCGTTTACTTC-1.bam	G1
SRR16362018_TGTATTCAGCAAATCA-1.bam	G1
SRR16362018_TGTGGTAAGTACTTGC-1.bam	G1
SRR16362018_TGTGGTATCAGAAACA-1.bam	G1
SRR16362018_TGTGTTTAGGTGTGGT-1.bam	G1
SRR16362018_TGTGTTTCATGGCTAT-1.bam	G1
SRR16362018_TGTGTTTGTCAACTGT-1.bam	G1
SRR16362018_TGTGTTTTCATCGCCT-1.bam	G1
SRR16362018_TGTTCCGTCTAGCCTC-1.bam	G1
SRR16362018_TTAGGACCAACGGCTC-1.bam	G1
SRR16362018_TTAGGCACAGAGGCAT-1.bam	G1
SRR16362018_TTAGGCACATATGTGC-1.bam	G1
SRR16362018_TTAGGCAGTGTGATCT-1.bam	G1
SRR16362018_TTCCCAGAGCTCCTTC-1.bam	G1
SRR16362018_TTCGAAGAGTTAGGTA-1.bam	G1
SRR16362018_TTCGAAGGTTACGCGC-1.bam	G1
SRR16362018_TTCGAAGTCGTTAGGT-1.bam	G1
SRR16362018_TTCTACAAGCCTATGT-1.bam	G1
SRR16362018_TTCTACAAGTAGTGCG-1.bam	G1
SRR16362018_TTCTACACATGAGGGT-1.bam	G1
SRR16362018_TTCTCAAGTTTCCTGC-1.bam	G1
SRR16362018_TTCTCCTAGCAATCTC-1.bam	G1
SRR16362018_TTCTCCTCAACTGGAG-1.bam	G1
SRR16362018_TTCTCCTTCGGATCCG-1.bam	G1
SRR16362018_TTGCCGTAGGCTAGCA-1.bam	G1
SRR16362018_TTGCGTCTCACTCATT-1.bam	G1
SRR16362018_TTGGAACCAGTGCTGC-1.bam	G1
SRR16362018_TTGGAACTCTGTATTC-1.bam	G1
SRR16362018_TTGGCAAAGAGCTGGT-1.bam	G1
SRR16362018_TTTACTGCACAGTGTT-1.bam	G1
SRR16362018_TTTATGCAGTTAGGTA-1.bam	G1
SRR16362018_TTTATGCCACAGAGCA-1.bam	G1
SRR16362018_TTTCCTCCAAGTGACG-1.bam	G1
SRR16362018_TTTCCTCGTGGAAACC-1.bam	G1
SRR16362018_TTTGCGCCATATGTGC-1.bam	G1
SRR16362018_TTTGGTTCAAGACGCA-1.bam	G1
SRR16362018_TTTGGTTGTGTCTGTA-1.bam	G1
SRR16362018_TTTGGTTTCGAGGAGT-1.bam	G1
SRR16362018_TTTGTCAGTCTAGGTT-1.bam	G1
