SRR12646263_AAACGGGAGACTTTCG-1.bam	HCT116_WT_G1
SRR12646263_AACTCAGAGTAGCGGT-1.bam	HCT116_WT_G1
SRR12646263_ACACTGAAGATATACG-1.bam	HCT116_WT_G1
SRR12646263_ACACTGATCTCGGAAT-1.bam	HCT116_WT_G1
SRR12646263_ACGATACGTGGTGCAA-1.bam	HCT116_WT_G1
SRR12646263_ACGGGCTGTTCAGTGT-1.bam	HCT116_WT_G1
SRR12646263_ACGGGTCAGCCACGTC-1.bam	HCT116_WT_G1
SRR12646263_ACTATCTTCGTAGCGC-1.bam	HCT116_WT_G1
SRR12646263_ACTGCTCGTCCAAGTT-1.bam	HCT116_WT_G1
SRR12646263_ACTTACTAGTAGGCCA-1.bam	HCT116_WT_G1
SRR12646263_ACTTTCAGTCAACCTA-1.bam	HCT116_WT_G1
SRR12646263_AGCTCTCAGTTAGCGG-1.bam	HCT116_WT_G1
SRR12646263_AGGGAGTCATCACTGA-1.bam	HCT116_WT_G1
SRR12646263_AGTCTTTTCTGGATCA-1.bam	HCT116_WT_G1
SRR12646263_ATCACGAGTGATATGA-1.bam	HCT116_WT_G1
SRR12646263_ATTACTCGTGACACGA-1.bam	HCT116_WT_G1
SRR12646263_CAACTAGTCGTGCCTT-1.bam	HCT116_WT_G1
SRR12646263_CACACTCTCAAGACAA-1.bam	HCT116_WT_G1
SRR12646263_CACTCCAAGCACACAG-1.bam	HCT116_WT_G1
SRR12646263_CAGCAGCGTAAGATGT-1.bam	HCT116_WT_G1
SRR12646263_CATCAGATCGACAATC-1.bam	HCT116_WT_G1
SRR12646263_CATCGGGTCGTACGCG-1.bam	HCT116_WT_G1
SRR12646263_CATGGCGAGCCTGATT-1.bam	HCT116_WT_G1
SRR12646263_CCAATCCGTGGCGTCT-1.bam	HCT116_WT_G1
SRR12646263_CCACCTACAACAACTC-1.bam	HCT116_WT_G1
SRR12646263_CCGTTCAAGCTGCACC-1.bam	HCT116_WT_G1
SRR12646263_CCTAGCTTCTCATACT-1.bam	HCT116_WT_G1
SRR12646263_CCTCTGACAGTTGCCG-1.bam	HCT116_WT_G1
SRR12646263_CCTTCCCCAAACGGGT-1.bam	HCT116_WT_G1
SRR12646263_CCTTCCCCAACTCCGG-1.bam	HCT116_WT_G1
SRR12646263_CGAGCCATCTACGTGA-1.bam	HCT116_WT_G1
SRR12646263_CGATTGAGTTCGTCAA-1.bam	HCT116_WT_G1
SRR12646263_CGGACTGAGCGATCCC-1.bam	HCT116_WT_G1
SRR12646263_CGTCACTGTCCTACCT-1.bam	HCT116_WT_G1
SRR12646263_CGTCAGGTCTCATGTT-1.bam	HCT116_WT_G1
SRR12646263_CTAACTTCATCGCATA-1.bam	HCT116_WT_G1
SRR12646263_CTCTGGTTCGCGGACT-1.bam	HCT116_WT_G1
SRR12646263_CTGAAACGTTCAGTAC-1.bam	HCT116_WT_G1
SRR12646263_CTGAAGTCAATCCGTA-1.bam	HCT116_WT_G1
SRR12646263_CTGATCCGTTGGCGTC-1.bam	HCT116_WT_G1
SRR12646263_GATCTAGTCCGGTTCT-1.bam	HCT116_WT_G1
SRR12646263_GCATACATCGCTAGTA-1.bam	HCT116_WT_G1
SRR12646263_GCCAAATCAACCCTGG-1.bam	HCT116_WT_G1
SRR12646263_GCGCAACGTAAAGTCA-1.bam	HCT116_WT_G1
SRR12646263_GCGCCAAGTTTCCGAA-1.bam	HCT116_WT_G1
SRR12646263_GCGGGTTGTGCTGTAT-1.bam	HCT116_WT_G1
SRR12646263_GGACAGAGTTTACGGT-1.bam	HCT116_WT_G1
SRR12646263_GGGAATGCATGGAGAC-1.bam	HCT116_WT_G1
SRR12646263_GGGAGATCAGAGACGT-1.bam	HCT116_WT_G1
SRR12646263_GGGCACTCACATTGGT-1.bam	HCT116_WT_G1
SRR12646263_GTGCATACACCCGTTT-1.bam	HCT116_WT_G1
SRR12646263_GTTCTCGGTGGAAGGG-1.bam	HCT116_WT_G1
SRR12646263_TAGAGCTAGTAGCCGA-1.bam	HCT116_WT_G1
SRR12646263_TATCAGGTCTACCGAA-1.bam	HCT116_WT_G1
SRR12646263_TATGCCCCATCGGGCT-1.bam	HCT116_WT_G1
SRR12646263_TGACGGCAGGGCCATA-1.bam	HCT116_WT_G1
SRR12646263_TGAGCATCAAGAACTA-1.bam	HCT116_WT_G1
SRR12646263_TGATTTCTCCCAGAAT-1.bam	HCT116_WT_G1
SRR12646263_TGGCGCACATGCAGTT-1.bam	HCT116_WT_G1
SRR12646263_TGTGTTTTCTCGGAAT-1.bam	HCT116_WT_G1
SRR12646263_TGTGTTTTCTGGAGTT-1.bam	HCT116_WT_G1
SRR12646263_TTCGAAGCAGAAGAAG-1.bam	HCT116_WT_G1
SRR12646263_TTCTCAAAGGTGTGTG-1.bam	HCT116_WT_G1
SRR12646263_TTCTTAGTCACACTAG-1.bam	HCT116_WT_G1
SRR12646263_TTGCGTCCACTTTCCG-1.bam	HCT116_WT_G1
SRR12646263_TTTACTGAGCAGGCTA-1.bam	HCT116_WT_G1
SRR12646264_AAAGCAACACGATGGA-1.bam	HCT116_WT_S
SRR12646264_AAAGCAACATGGCTCG-1.bam	HCT116_WT_S
SRR12646264_AAAGTAGAGGCTAGGT-1.bam	HCT116_WT_S
SRR12646264_AAATGCCCAGCTTGAT-1.bam	HCT116_WT_S
SRR12646264_AAATGCCCATCTCAAG-1.bam	HCT116_WT_S
SRR12646264_AACACGTGTACTCGCG-1.bam	HCT116_WT_S
SRR12646264_AACCATGCACCCTCTA-1.bam	HCT116_WT_S
SRR12646264_AACCATGCATGATGCT-1.bam	HCT116_WT_S
SRR12646264_AACCATGGTGATGTGG-1.bam	HCT116_WT_S
SRR12646264_AACCATGTCATCGCAA-1.bam	HCT116_WT_S
SRR12646264_AACGTTGAGGGAAACA-1.bam	HCT116_WT_S
SRR12646264_AACGTTGCACTATGCA-1.bam	HCT116_WT_S
SRR12646264_AACTCCCTCTCTAGTT-1.bam	HCT116_WT_S
SRR12646264_AACTCTTTCATCGCAA-1.bam	HCT116_WT_S
SRR12646264_AACTCTTTCTTCCGAC-1.bam	HCT116_WT_S
SRR12646264_AACTGGTGTAAACAGT-1.bam	HCT116_WT_S
SRR12646264_AACTTTCCATTTCGTT-1.bam	HCT116_WT_S
SRR12646264_AAGCCGCTCGCAACGC-1.bam	HCT116_WT_S
SRR12646264_AAGGAGCAGGAATCGC-1.bam	HCT116_WT_S
SRR12646264_AAGGCAGGTCGCGTAC-1.bam	HCT116_WT_S
SRR12646264_AATCCAGTCGCGCACA-1.bam	HCT116_WT_S
SRR12646264_AATCGGTCAACCTCAA-1.bam	HCT116_WT_S
SRR12646264_ACACCAAAGGAGTAGA-1.bam	HCT116_WT_S
SRR12646264_ACACCAATCATGGTGT-1.bam	HCT116_WT_S
SRR12646264_ACACCAATCATGTCAG-1.bam	HCT116_WT_S
SRR12646264_ACACCCTAGAAACGCC-1.bam	HCT116_WT_S
SRR12646264_ACACCCTAGAACTTCC-1.bam	HCT116_WT_S
SRR12646264_ACACCCTCACGAGATG-1.bam	HCT116_WT_S
SRR12646264_ACACCCTTCAGATTCG-1.bam	HCT116_WT_S
SRR12646264_ACACTGAGTCCCACAG-1.bam	HCT116_WT_S
SRR12646264_ACAGCCGTCACACGGC-1.bam	HCT116_WT_S
SRR12646264_ACAGCTAGTACAATAG-1.bam	HCT116_WT_S
SRR12646264_ACAGCTATCTAGCAGT-1.bam	HCT116_WT_S
SRR12646264_ACATGGTCAGTGTGGA-1.bam	HCT116_WT_S
SRR12646264_ACCCACTGTCGCGTAC-1.bam	HCT116_WT_S
SRR12646264_ACCGTAACAACGTTTG-1.bam	HCT116_WT_S
SRR12646264_ACCGTAACAGACTCCG-1.bam	HCT116_WT_S
SRR12646264_ACCGTAACATTATCGG-1.bam	HCT116_WT_S
SRR12646264_ACCTTTATCAGGACAG-1.bam	HCT116_WT_S
SRR12646264_ACGAGCCTCAGTACAC-1.bam	HCT116_WT_S
SRR12646264_ACGATACAGCACGCCT-1.bam	HCT116_WT_S
SRR12646264_ACGATACAGCTAAGAT-1.bam	HCT116_WT_S
SRR12646264_ACGCAGCTCCACTTCG-1.bam	HCT116_WT_S
SRR12646264_ACGCCAGCAGAGGCTA-1.bam	HCT116_WT_S
SRR12646264_ACGCCGACAGTGTAGG-1.bam	HCT116_WT_S
SRR12646264_ACGGAGAAGAGGGATA-1.bam	HCT116_WT_S
SRR12646264_ACGGAGACATCAAGAA-1.bam	HCT116_WT_S
SRR12646264_ACGGCCAAGCTAAACA-1.bam	HCT116_WT_S
SRR12646264_ACGGCCAGTCCCTTGT-1.bam	HCT116_WT_S
SRR12646264_ACTATCTGTCATCTAG-1.bam	HCT116_WT_S
SRR12646264_ACTGAACCAGGAGCAT-1.bam	HCT116_WT_S
SRR12646264_ACTGAACTCCACTGCT-1.bam	HCT116_WT_S
SRR12646264_ACTGAGTGTCGACGCT-1.bam	HCT116_WT_S
SRR12646264_ACTGAGTGTGCTGTAT-1.bam	HCT116_WT_S
SRR12646264_ACTGCTCCACCGTCGA-1.bam	HCT116_WT_S
SRR12646264_ACTGCTCCACGAGCTC-1.bam	HCT116_WT_S
SRR12646264_ACTGCTCGTAACTAAG-1.bam	HCT116_WT_S
SRR12646264_ACTGTCCGTTGCACTA-1.bam	HCT116_WT_S
SRR12646264_ACTTACTAGAACAATC-1.bam	HCT116_WT_S
SRR12646264_ACTTACTCAAGTGAGC-1.bam	HCT116_WT_S
SRR12646264_ACTTACTGTGGCAACA-1.bam	HCT116_WT_S
SRR12646264_ACTTACTTCTCCACAC-1.bam	HCT116_WT_S
SRR12646264_ACTTGTTGTATCGCCG-1.bam	HCT116_WT_S
SRR12646264_ACTTGTTGTCTTCACC-1.bam	HCT116_WT_S
SRR12646264_ACTTTCAAGGACGAAA-1.bam	HCT116_WT_S
SRR12646264_ACTTTCATCTACCGAA-1.bam	HCT116_WT_S
SRR12646264_AGAATAGCAAGACTTC-1.bam	HCT116_WT_S
SRR12646264_AGACGTTGTCTGGGCT-1.bam	HCT116_WT_S
SRR12646264_AGAGCGAAGCCTATGT-1.bam	HCT116_WT_S
SRR12646264_AGAGCGAAGCGTCGTC-1.bam	HCT116_WT_S
SRR12646264_AGAGCGAGTGGACGTA-1.bam	HCT116_WT_S
SRR12646264_AGAGCGATCAGTGTGT-1.bam	HCT116_WT_S
SRR12646264_AGAGCTTGTACTTGCA-1.bam	HCT116_WT_S
SRR12646264_AGAGCTTTCAACTGCA-1.bam	HCT116_WT_S
SRR12646264_AGATTGCTCATTGGAC-1.bam	HCT116_WT_S
SRR12646264_AGCAGCCAGTTAGGGC-1.bam	HCT116_WT_S
SRR12646264_AGCATACGTCTCCACT-1.bam	HCT116_WT_S
SRR12646264_AGCGGTCAGAGTCCTT-1.bam	HCT116_WT_S
SRR12646264_AGCGGTCAGATCCTGT-1.bam	HCT116_WT_S
SRR12646264_AGCGGTCAGTTCCACA-1.bam	HCT116_WT_S
SRR12646264_AGCGGTCCAGTGTGGA-1.bam	HCT116_WT_S
SRR12646264_AGCGTATAGGCTAGAC-1.bam	HCT116_WT_S
SRR12646264_AGCGTATGTTGCACTA-1.bam	HCT116_WT_S
SRR12646264_AGCGTATTCTAACACG-1.bam	HCT116_WT_S
SRR12646264_AGCTCCTCACTAAGGG-1.bam	HCT116_WT_S
SRR12646264_AGCTCTCAGACTAGGC-1.bam	HCT116_WT_S
SRR12646264_AGCTCTCGTACTCACA-1.bam	HCT116_WT_S
SRR12646264_AGCTCTCGTAGTTGGG-1.bam	HCT116_WT_S
SRR12646264_AGCTCTCTCAGCCACG-1.bam	HCT116_WT_S
SRR12646264_AGCTTGACATAGAGGC-1.bam	HCT116_WT_S
SRR12646264_AGGCCACAGCCAACAG-1.bam	HCT116_WT_S
SRR12646264_AGGCCACGTGCGTCAC-1.bam	HCT116_WT_S
SRR12646264_AGGCCACGTGGTGCAA-1.bam	HCT116_WT_S
SRR12646264_AGGCCACGTTACGGCC-1.bam	HCT116_WT_S
SRR12646264_AGGCCGTCACAAGCGA-1.bam	HCT116_WT_S
SRR12646264_AGGCCGTCATTTCTTG-1.bam	HCT116_WT_S
SRR12646264_AGGGAGTTCACTTTAC-1.bam	HCT116_WT_S
SRR12646264_AGGGATGAGACCTTTG-1.bam	HCT116_WT_S
SRR12646264_AGGGTGAAGAGGACGG-1.bam	HCT116_WT_S
SRR12646264_AGGGTGACACATCTAG-1.bam	HCT116_WT_S
SRR12646264_AGGGTGACAGGTCAAG-1.bam	HCT116_WT_S
SRR12646264_AGTAGTCGTAACGACG-1.bam	HCT116_WT_S
SRR12646264_AGTCTTTGTATGACTC-1.bam	HCT116_WT_S
SRR12646264_AGTCTTTTCAACAGCT-1.bam	HCT116_WT_S
SRR12646264_AGTGAGGTCCACGATA-1.bam	HCT116_WT_S
SRR12646264_AGTGGGACAATCTCTT-1.bam	HCT116_WT_S
SRR12646264_AGTGTCACACTTTCCG-1.bam	HCT116_WT_S
SRR12646264_AGTGTCAGTAGCAGTG-1.bam	HCT116_WT_S
SRR12646264_AGTGTCAGTCTGGGCT-1.bam	HCT116_WT_S
SRR12646264_AGTTGGTAGAAAGCTT-1.bam	HCT116_WT_S
SRR12646264_AGTTGGTAGGGTTCGA-1.bam	HCT116_WT_S
SRR12646264_ATCACGATCTGGTAGT-1.bam	HCT116_WT_S
SRR12646264_ATCATCTAGTTAGGGC-1.bam	HCT116_WT_S
SRR12646264_ATCATCTCACTCCGAG-1.bam	HCT116_WT_S
SRR12646264_ATCATGGGTAACTGTC-1.bam	HCT116_WT_S
SRR12646264_ATCATGGGTCTAGGTT-1.bam	HCT116_WT_S
SRR12646264_ATCCACCAGCCCGAAA-1.bam	HCT116_WT_S
SRR12646264_ATCCGAAGTCTACATG-1.bam	HCT116_WT_S
SRR12646264_ATCCGAAGTGAACACG-1.bam	HCT116_WT_S
SRR12646264_ATCGAGTAGCTTCAGT-1.bam	HCT116_WT_S
SRR12646264_ATCGAGTCAGGCCTTG-1.bam	HCT116_WT_S
SRR12646264_ATCGAGTTCCCAGAAT-1.bam	HCT116_WT_S
SRR12646264_ATCTACTAGTGAAGTT-1.bam	HCT116_WT_S
SRR12646264_ATCTACTCACTACATG-1.bam	HCT116_WT_S
SRR12646264_ATCTACTCAGCGGTCT-1.bam	HCT116_WT_S
SRR12646264_ATCTACTGTTGTAGCT-1.bam	HCT116_WT_S
SRR12646264_ATCTGCCAGCTACCTA-1.bam	HCT116_WT_S
SRR12646264_ATCTGCCCAATGGCTT-1.bam	HCT116_WT_S
SRR12646264_ATGAGGGGTGATTACC-1.bam	HCT116_WT_S
SRR12646264_ATGGGAGTCTTAAGGC-1.bam	HCT116_WT_S
SRR12646264_ATGTGTGGTCGGCATC-1.bam	HCT116_WT_S
SRR12646264_ATGTGTGGTCTTGCGG-1.bam	HCT116_WT_S
SRR12646264_ATTACTCAGAAGCCCA-1.bam	HCT116_WT_S
SRR12646264_ATTACTCTCTGAAGGG-1.bam	HCT116_WT_S
SRR12646264_ATTCTACCAGTAGGGT-1.bam	HCT116_WT_S
SRR12646264_ATTCTACCATAGTGGG-1.bam	HCT116_WT_S
SRR12646264_ATTGGACCATGGCTAT-1.bam	HCT116_WT_S
SRR12646264_ATTGGTGAGTGTGAAT-1.bam	HCT116_WT_S
SRR12646264_ATTTCTGCATAGAGCG-1.bam	HCT116_WT_S
SRR12646264_ATTTCTGGTGAAGCCA-1.bam	HCT116_WT_S
SRR12646264_ATTTCTGGTGATTGGG-1.bam	HCT116_WT_S
SRR12646264_CAACCAAGTGGACGTA-1.bam	HCT116_WT_S
SRR12646264_CAACCTCGTTTCCGAA-1.bam	HCT116_WT_S
SRR12646264_CAACCTCTCACGTATG-1.bam	HCT116_WT_S
SRR12646264_CAACCTCTCCGATACA-1.bam	HCT116_WT_S
SRR12646264_CAACCTCTCGTATTGG-1.bam	HCT116_WT_S
SRR12646264_CAACCTCTCTGATGGT-1.bam	HCT116_WT_S
SRR12646264_CAACTAGCACGTGGCT-1.bam	HCT116_WT_S
SRR12646264_CAACTAGGTAGGCTGA-1.bam	HCT116_WT_S
SRR12646264_CAAGAAAAGGACAGTC-1.bam	HCT116_WT_S
SRR12646264_CAAGATCAGTGACTCT-1.bam	HCT116_WT_S
SRR12646264_CAAGATCTCGAAGCGA-1.bam	HCT116_WT_S
SRR12646264_CAAGGCCCACTCCGAG-1.bam	HCT116_WT_S
SRR12646264_CAAGGCCCAGTTCCGG-1.bam	HCT116_WT_S
SRR12646264_CACACAAAGTCCGGTC-1.bam	HCT116_WT_S
SRR12646264_CACACCTCATGAGAAT-1.bam	HCT116_WT_S
SRR12646264_CACAGGCAGACAAGCC-1.bam	HCT116_WT_S
SRR12646264_CACAGGCCATGCAGTT-1.bam	HCT116_WT_S
SRR12646264_CACATTTAGAACTCGG-1.bam	HCT116_WT_S
SRR12646264_CACCACTAGTTACCCA-1.bam	HCT116_WT_S
SRR12646264_CACCAGGAGGTGCTTT-1.bam	HCT116_WT_S
SRR12646264_CACCAGGAGTGTGATA-1.bam	HCT116_WT_S
SRR12646264_CACCAGGCAAGGTATA-1.bam	HCT116_WT_S
SRR12646264_CAGAATCAGCAAAGCC-1.bam	HCT116_WT_S
SRR12646264_CAGAATCGTCTAGCGC-1.bam	HCT116_WT_S
SRR12646264_CAGATCAAGCGTCTAT-1.bam	HCT116_WT_S
SRR12646264_CAGATCAGTCATACTG-1.bam	HCT116_WT_S
SRR12646264_CAGATCATCCAACAAC-1.bam	HCT116_WT_S
SRR12646264_CAGCAGCAGCTACCTA-1.bam	HCT116_WT_S
SRR12646264_CAGCAGCAGTGTGATA-1.bam	HCT116_WT_S
SRR12646264_CAGCAGCGTATCGCCG-1.bam	HCT116_WT_S
SRR12646264_CAGCCGATCGTTCAAG-1.bam	HCT116_WT_S
SRR12646264_CAGCGACCAAGGGATC-1.bam	HCT116_WT_S
SRR12646264_CAGCGACGTGTCCGAC-1.bam	HCT116_WT_S
SRR12646264_CAGCGACTCTCTAGTT-1.bam	HCT116_WT_S
SRR12646264_CAGTAACAGTGACATA-1.bam	HCT116_WT_S
SRR12646264_CAGTAACGTACAAGAT-1.bam	HCT116_WT_S
SRR12646264_CATATGGCATTTGTGG-1.bam	HCT116_WT_S
SRR12646264_CATATGGGTCTCGAGC-1.bam	HCT116_WT_S
SRR12646264_CATCAAGGTCTCGGCA-1.bam	HCT116_WT_S
SRR12646264_CATCAAGTCCAACCGG-1.bam	HCT116_WT_S
SRR12646264_CATCCACAGTAACCCT-1.bam	HCT116_WT_S
SRR12646264_CATCCACCACCACACG-1.bam	HCT116_WT_S
SRR12646264_CATCGAACACTGCGCA-1.bam	HCT116_WT_S
SRR12646264_CATCGGGAGAAACCTA-1.bam	HCT116_WT_S
SRR12646264_CATCGGGAGGGATGGG-1.bam	HCT116_WT_S
SRR12646264_CATGCCTGTACGTTCA-1.bam	HCT116_WT_S
SRR12646264_CATGGCGCATTACTTC-1.bam	HCT116_WT_S
SRR12646264_CATGGCGTCCACTAAG-1.bam	HCT116_WT_S
SRR12646264_CCACCTAAGCTATCAC-1.bam	HCT116_WT_S
SRR12646264_CCACCTAAGGCTCTCG-1.bam	HCT116_WT_S
SRR12646264_CCACCTAAGGTGCAAC-1.bam	HCT116_WT_S
SRR12646264_CCACTACTCAACTGCA-1.bam	HCT116_WT_S
SRR12646264_CCAGCGACAGCGTCAC-1.bam	HCT116_WT_S
SRR12646264_CCAGCGAGTAGTGACG-1.bam	HCT116_WT_S
SRR12646264_CCAGCGAGTAGTGGCA-1.bam	HCT116_WT_S
SRR12646264_CCAGCGAGTTCCCTAC-1.bam	HCT116_WT_S
SRR12646264_CCATGTCAGCTACCTA-1.bam	HCT116_WT_S
SRR12646264_CCATGTCGTAGGTCGA-1.bam	HCT116_WT_S
SRR12646264_CCATTCGTCGTTGCTC-1.bam	HCT116_WT_S
SRR12646264_CCCAATCGTCGAATCT-1.bam	HCT116_WT_S
SRR12646264_CCCAATCTCCACTTAT-1.bam	HCT116_WT_S
SRR12646264_CCCAGTTAGCCCAGCT-1.bam	HCT116_WT_S
SRR12646264_CCCAGTTGTGGACGTA-1.bam	HCT116_WT_S
SRR12646264_CCCATACTCGTTAGGT-1.bam	HCT116_WT_S
SRR12646264_CCCTCCTTCCTTGAAG-1.bam	HCT116_WT_S
SRR12646264_CCGGGATAGGAAACTT-1.bam	HCT116_WT_S
SRR12646264_CCGTACTCATGCCATA-1.bam	HCT116_WT_S
SRR12646264_CCGTACTCATTCCGAA-1.bam	HCT116_WT_S
SRR12646264_CCTACACCACTTTCCG-1.bam	HCT116_WT_S
SRR12646264_CCTACACGTCCGCAAC-1.bam	HCT116_WT_S
SRR12646264_CCTACCATCAAGTGCT-1.bam	HCT116_WT_S
SRR12646264_CCTAGCTAGTTGTAGA-1.bam	HCT116_WT_S
SRR12646264_CCTAGCTGTAACGACG-1.bam	HCT116_WT_S
SRR12646264_CCTATTAAGCGTTGCC-1.bam	HCT116_WT_S
SRR12646264_CCTCAGTGTCAAGTTC-1.bam	HCT116_WT_S
SRR12646264_CCTCAGTGTGCTTCCT-1.bam	HCT116_WT_S
SRR12646264_CCTCAGTGTGGTCAGA-1.bam	HCT116_WT_S
SRR12646264_CCTTACGAGTGAAGAG-1.bam	HCT116_WT_S
SRR12646264_CCTTCCCAGCAGACTG-1.bam	HCT116_WT_S
SRR12646264_CCTTCCCAGTTTCCTT-1.bam	HCT116_WT_S
SRR12646264_CCTTCCCCACTCACCT-1.bam	HCT116_WT_S
SRR12646264_CCTTCGATCCCGAATA-1.bam	HCT116_WT_S
SRR12646264_CCTTTCTAGAGTCCTT-1.bam	HCT116_WT_S
SRR12646264_CGAACATAGACGCTTT-1.bam	HCT116_WT_S
SRR12646264_CGAATGTAGGGCCATA-1.bam	HCT116_WT_S
SRR12646264_CGAATGTCACATCGAT-1.bam	HCT116_WT_S
SRR12646264_CGACCTTAGTGGCACA-1.bam	HCT116_WT_S
SRR12646264_CGACCTTTCCGCTTGT-1.bam	HCT116_WT_S
SRR12646264_CGACTTCAGCTGCGAA-1.bam	HCT116_WT_S
SRR12646264_CGACTTCAGTTTCTGG-1.bam	HCT116_WT_S
SRR12646264_CGAGAAGAGAAGGCCT-1.bam	HCT116_WT_S
SRR12646264_CGAGAAGAGCAGTCTT-1.bam	HCT116_WT_S
SRR12646264_CGAGAAGAGCTCTCGG-1.bam	HCT116_WT_S
SRR12646264_CGAGAAGAGGGAGTAA-1.bam	HCT116_WT_S
SRR12646264_CGAGAAGGTAAGATGT-1.bam	HCT116_WT_S
SRR12646264_CGAGAAGGTATGCTAC-1.bam	HCT116_WT_S
SRR12646264_CGAGCCACAATTAAGG-1.bam	HCT116_WT_S
SRR12646264_CGATCGGGTGCATTAC-1.bam	HCT116_WT_S
SRR12646264_CGATCGGGTGTCTCAA-1.bam	HCT116_WT_S
SRR12646264_CGATCGGTCCAAGGGA-1.bam	HCT116_WT_S
SRR12646264_CGATGGCAGCTAAACA-1.bam	HCT116_WT_S
SRR12646264_CGATGTAGTAGAATAC-1.bam	HCT116_WT_S
SRR12646264_CGATGTAGTAGGCTGA-1.bam	HCT116_WT_S
SRR12646264_CGCCAAGTCACGGTAT-1.bam	HCT116_WT_S
SRR12646264_CGCGGTAAGTGCGTGA-1.bam	HCT116_WT_S
SRR12646264_CGCGGTAGTTATTGGC-1.bam	HCT116_WT_S
SRR12646264_CGCGTTTTCTGGGACC-1.bam	HCT116_WT_S
SRR12646264_CGCTATCAGCTAGTGG-1.bam	HCT116_WT_S
SRR12646264_CGCTATCCATCATGCA-1.bam	HCT116_WT_S
SRR12646264_CGCTATCTCAGGTTAC-1.bam	HCT116_WT_S
SRR12646264_CGCTGGAAGTTTAGGA-1.bam	HCT116_WT_S
SRR12646264_CGCTTCACACTTGTTT-1.bam	HCT116_WT_S
SRR12646264_CGGACACCAGCAGATG-1.bam	HCT116_WT_S
SRR12646264_CGGACACGTCATCCAA-1.bam	HCT116_WT_S
SRR12646264_CGGAGCTAGGAATGGA-1.bam	HCT116_WT_S
SRR12646264_CGGAGCTCAGTTAGCT-1.bam	HCT116_WT_S
SRR12646264_CGGAGTCCAAGAATCA-1.bam	HCT116_WT_S
SRR12646264_CGGCTAGGTATAAGTG-1.bam	HCT116_WT_S
SRR12646264_CGGCTAGTCGGATGCC-1.bam	HCT116_WT_S
SRR12646264_CGGGTCACATTTAGGC-1.bam	HCT116_WT_S
SRR12646264_CGTAGCGCACGTCGGT-1.bam	HCT116_WT_S
SRR12646264_CGTAGCGGTTTGGCTA-1.bam	HCT116_WT_S
SRR12646264_CGTAGGCTCTTCACGC-1.bam	HCT116_WT_S
SRR12646264_CGTCCATGTAAGCGCA-1.bam	HCT116_WT_S
SRR12646264_CGTGAGCAGGATCGCA-1.bam	HCT116_WT_S
SRR12646264_CGTGAGCCAAGACGCA-1.bam	HCT116_WT_S
SRR12646264_CGTTAGACAACTACTG-1.bam	HCT116_WT_S
SRR12646264_CGTTAGAGTTCGTCAA-1.bam	HCT116_WT_S
SRR12646264_CGTTGGGCAGTCGGAA-1.bam	HCT116_WT_S
SRR12646264_CGTTGGGTCGGAGTTT-1.bam	HCT116_WT_S
SRR12646264_CGTTGGGTCTTCTTGA-1.bam	HCT116_WT_S
SRR12646264_CTAAGACGTACCTAGT-1.bam	HCT116_WT_S
SRR12646264_CTAAGACGTGAGTCAG-1.bam	HCT116_WT_S
SRR12646264_CTAAGACGTGGTCAAG-1.bam	HCT116_WT_S
SRR12646264_CTAAGACGTGGTCAGA-1.bam	HCT116_WT_S
SRR12646264_CTAATGGCATCTAAGC-1.bam	HCT116_WT_S
SRR12646264_CTAATGGGTCAAGCCC-1.bam	HCT116_WT_S
SRR12646264_CTAATGGTCCCTGAGG-1.bam	HCT116_WT_S
SRR12646264_CTACACCAGGTGCAAC-1.bam	HCT116_WT_S
SRR12646264_CTACACCTCTCGTCTG-1.bam	HCT116_WT_S
SRR12646264_CTACCCATCAATAGGA-1.bam	HCT116_WT_S
SRR12646264_CTACCCATCTTATGGG-1.bam	HCT116_WT_S
SRR12646264_CTAGAGTTCTTGCGAA-1.bam	HCT116_WT_S
SRR12646264_CTAGTGATCGCCAACG-1.bam	HCT116_WT_S
SRR12646264_CTAGTGATCTTAAGGC-1.bam	HCT116_WT_S
SRR12646264_CTCACACCAATCTCTT-1.bam	HCT116_WT_S
SRR12646264_CTCAGAACATCGTCAA-1.bam	HCT116_WT_S
SRR12646264_CTCATTAAGCGTTGCC-1.bam	HCT116_WT_S
SRR12646264_CTCATTAAGTGAAGAG-1.bam	HCT116_WT_S
SRR12646264_CTCATTAGTTGCCACG-1.bam	HCT116_WT_S
SRR12646264_CTCCTAGCAACCTCAA-1.bam	HCT116_WT_S
SRR12646264_CTCCTAGGTAGTCAAA-1.bam	HCT116_WT_S
SRR12646264_CTCGAAATCGGAATGG-1.bam	HCT116_WT_S
SRR12646264_CTCGAGGCAACGGGAT-1.bam	HCT116_WT_S
SRR12646264_CTCGGAGCAACGGGAT-1.bam	HCT116_WT_S
SRR12646264_CTCGGAGGTTCGAGCC-1.bam	HCT116_WT_S
SRR12646264_CTCGGGAAGGCATTGG-1.bam	HCT116_WT_S
SRR12646264_CTCGGGAGTCATCTGA-1.bam	HCT116_WT_S
SRR12646264_CTCGTACCACTGTATG-1.bam	HCT116_WT_S
SRR12646264_CTCGTACTCCACTGCT-1.bam	HCT116_WT_S
SRR12646264_CTCGTCAAGTGATTGA-1.bam	HCT116_WT_S
SRR12646264_CTCTAATGTTCTAGTG-1.bam	HCT116_WT_S
SRR12646264_CTCTAATTCGTTAAGC-1.bam	HCT116_WT_S
SRR12646264_CTCTACGGTACGTAAA-1.bam	HCT116_WT_S
SRR12646264_CTCTGGTAGGAGCGAG-1.bam	HCT116_WT_S
SRR12646264_CTGATCCAGGACCACA-1.bam	HCT116_WT_S
SRR12646264_CTGATCCCACGTAGGA-1.bam	HCT116_WT_S
SRR12646264_CTGATCCGTTTCCGAA-1.bam	HCT116_WT_S
SRR12646264_CTGCCTAAGGAATGGA-1.bam	HCT116_WT_S
SRR12646264_CTGCCTATCGTTCGGG-1.bam	HCT116_WT_S
SRR12646264_CTGCTGTCAGCCAAAG-1.bam	HCT116_WT_S
SRR12646264_CTGGTCTAGATGTGGC-1.bam	HCT116_WT_S
SRR12646264_CTGGTCTAGGACAGCT-1.bam	HCT116_WT_S
SRR12646264_CTGGTCTAGGTGCTTT-1.bam	HCT116_WT_S
SRR12646264_CTGGTCTCATTTCCAT-1.bam	HCT116_WT_S
SRR12646264_CTTAACTCATAGTGAA-1.bam	HCT116_WT_S
SRR12646264_CTTAACTCATGGTTAC-1.bam	HCT116_WT_S
SRR12646264_CTTACCGCAGCCAGTC-1.bam	HCT116_WT_S
SRR12646264_CTTACCGGTTGCCTCT-1.bam	HCT116_WT_S
SRR12646264_CTTAGGAAGTCAAGGC-1.bam	HCT116_WT_S
SRR12646264_CTTAGGATCCACTTCG-1.bam	HCT116_WT_S
SRR12646264_CTTAGGATCCTACCCA-1.bam	HCT116_WT_S
SRR12646264_CTTCTCTCAGATATCC-1.bam	HCT116_WT_S
SRR12646264_CTTCTCTCAGCTCATA-1.bam	HCT116_WT_S
SRR12646264_CTTGGCTGTAACGCGA-1.bam	HCT116_WT_S
SRR12646264_CTTGGCTTCACGAGTT-1.bam	HCT116_WT_S
SRR12646264_CTTTGCGAGATATGCA-1.bam	HCT116_WT_S
SRR12646264_GAAATGATCAAGAAAC-1.bam	HCT116_WT_S
SRR12646264_GAACATCGTAGTAGTA-1.bam	HCT116_WT_S
SRR12646264_GAACCTAGTTCCACAA-1.bam	HCT116_WT_S
SRR12646264_GAACCTATCCGCTTGT-1.bam	HCT116_WT_S
SRR12646264_GAACGGACAAGGCCCT-1.bam	HCT116_WT_S
SRR12646264_GAACGGATCTGGGCTG-1.bam	HCT116_WT_S
SRR12646264_GAAGCAGTCCTCGACT-1.bam	HCT116_WT_S
SRR12646264_GAATAAGGTAACTAAG-1.bam	HCT116_WT_S
SRR12646264_GAATAAGTCGAGTACT-1.bam	HCT116_WT_S
SRR12646264_GAATGAAAGTTACGGG-1.bam	HCT116_WT_S
SRR12646264_GAATGAATCTATGCAG-1.bam	HCT116_WT_S
SRR12646264_GACACGCGTGTAATGA-1.bam	HCT116_WT_S
SRR12646264_GACACGCTCCAACAAC-1.bam	HCT116_WT_S
SRR12646264_GACCTGGCACGCACCA-1.bam	HCT116_WT_S
SRR12646264_GACGCGTAGTACGTTC-1.bam	HCT116_WT_S
SRR12646264_GACGCGTCAACGCGTC-1.bam	HCT116_WT_S
SRR12646264_GACGTGCCACGAGTTT-1.bam	HCT116_WT_S
SRR12646264_GACTAACTCCGCGACA-1.bam	HCT116_WT_S
SRR12646264_GACTACAGTGATTTGC-1.bam	HCT116_WT_S
SRR12646264_GACTACATCCGCGGAT-1.bam	HCT116_WT_S
SRR12646264_GAGCAGAAGCATGGCA-1.bam	HCT116_WT_S
SRR12646264_GAGCAGAGTACCTTGA-1.bam	HCT116_WT_S
SRR12646264_GAGGTGAGTTCAAGGG-1.bam	HCT116_WT_S
SRR12646264_GAGTCCGTCGGTAAGG-1.bam	HCT116_WT_S
SRR12646264_GATCAGTTCGGCTCAG-1.bam	HCT116_WT_S
SRR12646264_GATCGCGAGTGGTAAT-1.bam	HCT116_WT_S
SRR12646264_GATCGCGGTGGCCACT-1.bam	HCT116_WT_S
SRR12646264_GATCGTAAGCCCAGCT-1.bam	HCT116_WT_S
SRR12646264_GATCGTACAATCCATG-1.bam	HCT116_WT_S
SRR12646264_GATGAAAAGCCAGAAC-1.bam	HCT116_WT_S
SRR12646264_GATGAAATCAACAGTC-1.bam	HCT116_WT_S
SRR12646264_GATGCTAAGTGATGAT-1.bam	HCT116_WT_S
SRR12646264_GATTCAGAGACGTCGA-1.bam	HCT116_WT_S
SRR12646264_GATTCAGCAAAGTGGC-1.bam	HCT116_WT_S
SRR12646264_GCAAACTCAATACTGC-1.bam	HCT116_WT_S
SRR12646264_GCAAACTCATAGACAA-1.bam	HCT116_WT_S
SRR12646264_GCAAACTGTTGCCACG-1.bam	HCT116_WT_S
SRR12646264_GCAGCCACACGCGATC-1.bam	HCT116_WT_S
SRR12646264_GCAGCCATCGGAGTTT-1.bam	HCT116_WT_S
SRR12646264_GCATACAAGTGGTAAT-1.bam	HCT116_WT_S
SRR12646264_GCATGATGTACCTCGG-1.bam	HCT116_WT_S
SRR12646264_GCATGTAGTTACGCCG-1.bam	HCT116_WT_S
SRR12646264_GCCAAATAGTGTGAAT-1.bam	HCT116_WT_S
SRR12646264_GCCAAATTCTACATGG-1.bam	HCT116_WT_S
SRR12646264_GCCTCTAAGCGCCTCA-1.bam	HCT116_WT_S
SRR12646264_GCGACCAAGTAGTATG-1.bam	HCT116_WT_S
SRR12646264_GCGACCAGTGATTTGC-1.bam	HCT116_WT_S
SRR12646264_GCGCAACAGCCTGATT-1.bam	HCT116_WT_S
SRR12646264_GCGCAGTAGGCCCACT-1.bam	HCT116_WT_S
SRR12646264_GCGCAGTAGGTGATTA-1.bam	HCT116_WT_S
SRR12646264_GCGCCAAAGGCCCTCA-1.bam	HCT116_WT_S
SRR12646264_GCGCCAACAGCATGTT-1.bam	HCT116_WT_S
SRR12646264_GCGCGATTCAGCGTCG-1.bam	HCT116_WT_S
SRR12646264_GCGCGATTCGTTGGAT-1.bam	HCT116_WT_S
SRR12646264_GCGGGTTAGCAAATCA-1.bam	HCT116_WT_S
SRR12646264_GCGGGTTAGCTGTTCA-1.bam	HCT116_WT_S
SRR12646264_GCGGGTTCATTTAGGC-1.bam	HCT116_WT_S
SRR12646264_GCGGGTTGTACCTTGA-1.bam	HCT116_WT_S
SRR12646264_GCTCCTAAGTGTCCAT-1.bam	HCT116_WT_S
SRR12646264_GCTCCTACACGATAGG-1.bam	HCT116_WT_S
SRR12646264_GCTCTGTTCATAGGAA-1.bam	HCT116_WT_S
SRR12646264_GCTCTGTTCCGTATTT-1.bam	HCT116_WT_S
SRR12646264_GCTGCAGGTCAAGTCT-1.bam	HCT116_WT_S
SRR12646264_GCTGCGACAACAGAGC-1.bam	HCT116_WT_S
SRR12646264_GCTGCGACAAGTTGCT-1.bam	HCT116_WT_S
SRR12646264_GCTGCGACATCCCAAA-1.bam	HCT116_WT_S
SRR12646264_GCTGCGAGTCCAGCCA-1.bam	HCT116_WT_S
SRR12646264_GCTGCGATCCAGGTTA-1.bam	HCT116_WT_S
SRR12646264_GCTGCTTGTACTCCGG-1.bam	HCT116_WT_S
SRR12646264_GCTGGGTAGGGTGTTG-1.bam	HCT116_WT_S
SRR12646264_GCTTCCACAAGAGACC-1.bam	HCT116_WT_S
SRR12646264_GCTTCCAGTTCGTCAA-1.bam	HCT116_WT_S
SRR12646264_GCTTGAAAGGCATGGT-1.bam	HCT116_WT_S
SRR12646264_GCTTGAAGTAGTGACG-1.bam	HCT116_WT_S
SRR12646264_GCTTGAATCAACAGCT-1.bam	HCT116_WT_S
SRR12646264_GGAAAGCAGATCTGAA-1.bam	HCT116_WT_S
SRR12646264_GGAAAGCTCTCGAATG-1.bam	HCT116_WT_S
SRR12646264_GGAACTTCAACTACTG-1.bam	HCT116_WT_S
SRR12646264_GGAACTTCACTACGTA-1.bam	HCT116_WT_S
SRR12646264_GGAACTTTCGTTCGTC-1.bam	HCT116_WT_S
SRR12646264_GGAATAACAACCTGAT-1.bam	HCT116_WT_S
SRR12646264_GGAATAACAGAAAGCC-1.bam	HCT116_WT_S
SRR12646264_GGAATAATCCGCGAGT-1.bam	HCT116_WT_S
SRR12646264_GGACAAGAGTCCGTAT-1.bam	HCT116_WT_S
SRR12646264_GGACAAGCAGTGAAAT-1.bam	HCT116_WT_S
SRR12646264_GGACAAGCATTTGCGA-1.bam	HCT116_WT_S
SRR12646264_GGACAAGGTCATGCTA-1.bam	HCT116_WT_S
SRR12646264_GGACAAGTCAGAAACA-1.bam	HCT116_WT_S
SRR12646264_GGACAAGTCTAGCTAG-1.bam	HCT116_WT_S
SRR12646264_GGACAGACACGCGATC-1.bam	HCT116_WT_S
SRR12646264_GGACAGAGTAGGTCGA-1.bam	HCT116_WT_S
SRR12646264_GGACAGATCGCCTGGA-1.bam	HCT116_WT_S
SRR12646264_GGACATTAGACTGTAA-1.bam	HCT116_WT_S
SRR12646264_GGACGTCCATAACTCG-1.bam	HCT116_WT_S
SRR12646264_GGAGCAACACACGTGC-1.bam	HCT116_WT_S
SRR12646264_GGAGCAACATACAGAA-1.bam	HCT116_WT_S
SRR12646264_GGAGCAAGTCGTAATC-1.bam	HCT116_WT_S
SRR12646264_GGAGCAATCTGCTGAA-1.bam	HCT116_WT_S
SRR12646264_GGATTACAGAGCTTCT-1.bam	HCT116_WT_S
SRR12646264_GGATTACAGCGTTGCC-1.bam	HCT116_WT_S
SRR12646264_GGATTACTCCACCGGA-1.bam	HCT116_WT_S
SRR12646264_GGCAATTCATTCGTTT-1.bam	HCT116_WT_S
SRR12646264_GGCGACTCAAGACTTC-1.bam	HCT116_WT_S
SRR12646264_GGCTCGAAGAGGTTAT-1.bam	HCT116_WT_S
SRR12646264_GGCTCGAGTCCGAAGA-1.bam	HCT116_WT_S
SRR12646264_GGCTGGTAGACAGACC-1.bam	HCT116_WT_S
SRR12646264_GGCTGGTAGTAAGTAC-1.bam	HCT116_WT_S
SRR12646264_GGGAATGGTAACACTC-1.bam	HCT116_WT_S
SRR12646264_GGGAATGGTAGCAGTG-1.bam	HCT116_WT_S
SRR12646264_GGGAATGGTTGGCGTC-1.bam	HCT116_WT_S
SRR12646264_GGGAATGTCAGCGCGT-1.bam	HCT116_WT_S
SRR12646264_GGGAATGTCCCACGGA-1.bam	HCT116_WT_S
SRR12646264_GGGACCTAGTGAACGC-1.bam	HCT116_WT_S
SRR12646264_GGGAGATAGGCAACAC-1.bam	HCT116_WT_S
SRR12646264_GGGAGATGTTGAAGGC-1.bam	HCT116_WT_S
SRR12646264_GGGATGAAGTTAGGTA-1.bam	HCT116_WT_S
SRR12646264_GGGTCTGCAGTGTGGA-1.bam	HCT116_WT_S
SRR12646264_GGTATTGCAGTGAATA-1.bam	HCT116_WT_S
SRR12646264_GGTATTGGTAGCCCTG-1.bam	HCT116_WT_S
SRR12646264_GGTGCGTCAACGACGA-1.bam	HCT116_WT_S
SRR12646264_GGTGTTAAGGCAAAGA-1.bam	HCT116_WT_S
SRR12646264_GGTGTTAAGTCGTACT-1.bam	HCT116_WT_S
SRR12646264_GTAACGTGTGCACACC-1.bam	HCT116_WT_S
SRR12646264_GTAACTGGTCATCTGA-1.bam	HCT116_WT_S
SRR12646264_GTACGTAGTAGCAGGT-1.bam	HCT116_WT_S
SRR12646264_GTACGTAGTCATCCAA-1.bam	HCT116_WT_S
SRR12646264_GTACTCCAGTAGATCA-1.bam	HCT116_WT_S
SRR12646264_GTACTCCCACACTCGG-1.bam	HCT116_WT_S
SRR12646264_GTACTCCCACGCTGAC-1.bam	HCT116_WT_S
SRR12646264_GTACTCCGTACTCGCG-1.bam	HCT116_WT_S
SRR12646264_GTAGGCCCATGAGACG-1.bam	HCT116_WT_S
SRR12646264_GTAGTCAAGTCAAGGC-1.bam	HCT116_WT_S
SRR12646264_GTAGTCATCCCACGGA-1.bam	HCT116_WT_S
SRR12646264_GTATCTTGTGCAGGTA-1.bam	HCT116_WT_S
SRR12646264_GTATTCTTCTTGCGGG-1.bam	HCT116_WT_S
SRR12646264_GTCAAGTCAACATAGA-1.bam	HCT116_WT_S
SRR12646264_GTCAAGTGTAAGCGCA-1.bam	HCT116_WT_S
SRR12646264_GTCACAATCTGCGGGT-1.bam	HCT116_WT_S
SRR12646264_GTCACAATCTGTATTC-1.bam	HCT116_WT_S
SRR12646264_GTCATTTCAAATAGGT-1.bam	HCT116_WT_S
SRR12646264_GTCATTTCACACACGC-1.bam	HCT116_WT_S
SRR12646264_GTCATTTCACCCGTTT-1.bam	HCT116_WT_S
SRR12646264_GTCGGGTCAAAGTAAC-1.bam	HCT116_WT_S
SRR12646264_GTCGGGTTCGTTAAGC-1.bam	HCT116_WT_S
SRR12646264_GTCGTAAGTATGAAAC-1.bam	HCT116_WT_S
SRR12646264_GTCTCGTCAGCTTGAT-1.bam	HCT116_WT_S
SRR12646264_GTCTTCGCACAAGCGA-1.bam	HCT116_WT_S
SRR12646264_GTGAAGGGTCAAGCCC-1.bam	HCT116_WT_S
SRR12646264_GTGCAGCAGGAGTCTG-1.bam	HCT116_WT_S
SRR12646264_GTGCAGCTCCCATGTC-1.bam	HCT116_WT_S
SRR12646264_GTGCAGCTCTCTTCCT-1.bam	HCT116_WT_S
SRR12646264_GTGCATAGTATTGAAG-1.bam	HCT116_WT_S
SRR12646264_GTGCGGTGTTAACCTG-1.bam	HCT116_WT_S
SRR12646264_GTGGGTCTCCGAAGCC-1.bam	HCT116_WT_S
SRR12646264_GTGTTAGGTCTCTATT-1.bam	HCT116_WT_S
SRR12646264_GTTAAGCCAGCGCTTG-1.bam	HCT116_WT_S
SRR12646264_GTTACAGTCATAGGAA-1.bam	HCT116_WT_S
SRR12646264_GTTCGGGCACCCAAAT-1.bam	HCT116_WT_S
SRR12646264_GTTTCTATCCAGACCG-1.bam	HCT116_WT_S
SRR12646264_GTTTCTATCGACCCTT-1.bam	HCT116_WT_S
SRR12646264_GTTTCTATCGCGGACT-1.bam	HCT116_WT_S
SRR12646264_TAAACCGAGCAGACTG-1.bam	HCT116_WT_S
SRR12646264_TAAGCGTAGACGTCGA-1.bam	HCT116_WT_S
SRR12646264_TAAGCGTTCGCGGACT-1.bam	HCT116_WT_S
SRR12646264_TACAGTGCAGCGCATC-1.bam	HCT116_WT_S
SRR12646264_TACAGTGCAGTTCCGG-1.bam	HCT116_WT_S
SRR12646264_TACGGATAGATGCGAC-1.bam	HCT116_WT_S
SRR12646264_TACGGGCCATCGCACG-1.bam	HCT116_WT_S
SRR12646264_TACGGTAAGCTCAACT-1.bam	HCT116_WT_S
SRR12646264_TACGGTATCACGTTAG-1.bam	HCT116_WT_S
SRR12646264_TACGGTATCTTCACAT-1.bam	HCT116_WT_S
SRR12646264_TACTCATGTTCAGTGT-1.bam	HCT116_WT_S
SRR12646264_TACTCATTCTACATGG-1.bam	HCT116_WT_S
SRR12646264_TACTCGCAGACCACGA-1.bam	HCT116_WT_S
SRR12646264_TACTTACGTCTCTCGT-1.bam	HCT116_WT_S
SRR12646264_TACTTGTCAACTCCGG-1.bam	HCT116_WT_S
SRR12646264_TAGACCAAGACTAGAT-1.bam	HCT116_WT_S
SRR12646264_TAGACCAAGCAGCCTC-1.bam	HCT116_WT_S
SRR12646264_TAGAGCTCACGAGTTT-1.bam	HCT116_WT_S
SRR12646264_TAGAGCTTCTGGGACC-1.bam	HCT116_WT_S
SRR12646264_TAGCCGGAGTAAGTAC-1.bam	HCT116_WT_S
SRR12646264_TAGCCGGGTCCGGTTG-1.bam	HCT116_WT_S
SRR12646264_TAGGCATAGAGGTTAT-1.bam	HCT116_WT_S
SRR12646264_TAGTGGTCAAACGGGT-1.bam	HCT116_WT_S
SRR12646264_TAGTGGTTCGACTGCG-1.bam	HCT116_WT_S
SRR12646264_TATCAGGAGCGACGTA-1.bam	HCT116_WT_S
SRR12646264_TATCAGGTCCACTTAT-1.bam	HCT116_WT_S
SRR12646264_TATCTCAAGCCGTCGT-1.bam	HCT116_WT_S
SRR12646264_TATGCCCGTGGAGCTA-1.bam	HCT116_WT_S
SRR12646264_TCAACGACAAACCGAG-1.bam	HCT116_WT_S
SRR12646264_TCAACGATCATTGCTT-1.bam	HCT116_WT_S
SRR12646264_TCAACGATCATTTGCT-1.bam	HCT116_WT_S
SRR12646264_TCAATCTCACAAGGAC-1.bam	HCT116_WT_S
SRR12646264_TCACGAAGTTACGCGC-1.bam	HCT116_WT_S
SRR12646264_TCAGATGGTACGTGCC-1.bam	HCT116_WT_S
SRR12646264_TCAGATGGTCTTACCC-1.bam	HCT116_WT_S
SRR12646264_TCAGATGTCTGCTACC-1.bam	HCT116_WT_S
SRR12646264_TCAGCAATCTCATACT-1.bam	HCT116_WT_S
SRR12646264_TCAGGATGTTCAGTGT-1.bam	HCT116_WT_S
SRR12646264_TCAGGATTCTTGCGAA-1.bam	HCT116_WT_S
SRR12646264_TCAGGTACAACCCTGG-1.bam	HCT116_WT_S
SRR12646264_TCAGGTACAACTAGTC-1.bam	HCT116_WT_S
SRR12646264_TCCACACGTCCATGAT-1.bam	HCT116_WT_S
SRR12646264_TCCCGATGTCATGTTG-1.bam	HCT116_WT_S
SRR12646264_TCCCGATTCTACCGTC-1.bam	HCT116_WT_S
SRR12646264_TCGAGGCAGGAGCGAG-1.bam	HCT116_WT_S
SRR12646264_TCGAGGCTCCTAGACA-1.bam	HCT116_WT_S
SRR12646264_TCGCGAGAGCGCCTTG-1.bam	HCT116_WT_S
SRR12646264_TCGCGAGCATGGCACC-1.bam	HCT116_WT_S
SRR12646264_TCGGGACAGCGGATCA-1.bam	HCT116_WT_S
SRR12646264_TCGGGACAGCTAAACA-1.bam	HCT116_WT_S
SRR12646264_TCGGGACTCTTGGATG-1.bam	HCT116_WT_S
SRR12646264_TCGGTAAGTTCGCGTG-1.bam	HCT116_WT_S
SRR12646264_TCGGTAATCACTATGG-1.bam	HCT116_WT_S
SRR12646264_TCGGTAATCCCAAAGT-1.bam	HCT116_WT_S
SRR12646264_TCGTACCTCAAGTGCT-1.bam	HCT116_WT_S
SRR12646264_TCGTAGATCATTGTTC-1.bam	HCT116_WT_S
SRR12646264_TCTATTGCACCACACG-1.bam	HCT116_WT_S
SRR12646264_TCTATTGCAGACTTGT-1.bam	HCT116_WT_S
SRR12646264_TCTCATACATCGTCAA-1.bam	HCT116_WT_S
SRR12646264_TCTCATATCACCGCAG-1.bam	HCT116_WT_S
SRR12646264_TCTCTAAGTCTGGGCT-1.bam	HCT116_WT_S
SRR12646264_TCTCTAAGTTCCCACT-1.bam	HCT116_WT_S
SRR12646264_TCTCTAAGTTCTAGTG-1.bam	HCT116_WT_S
SRR12646264_TCTGAGATCGTTAGGT-1.bam	HCT116_WT_S
SRR12646264_TCTTCGGTCCAACCGG-1.bam	HCT116_WT_S
SRR12646264_TCTTTCCCAACTAGTC-1.bam	HCT116_WT_S
SRR12646264_TCTTTCCCACGCTGAC-1.bam	HCT116_WT_S
SRR12646264_TCTTTCCGTGGTAACG-1.bam	HCT116_WT_S
SRR12646264_TGAAAGAAGGGCTTCC-1.bam	HCT116_WT_S
SRR12646264_TGAAAGATCGTTCGTC-1.bam	HCT116_WT_S
SRR12646264_TGACAACAGTTTAGGA-1.bam	HCT116_WT_S
SRR12646264_TGACAACCAACGCCGT-1.bam	HCT116_WT_S
SRR12646264_TGACAACGTCTTCGTC-1.bam	HCT116_WT_S
SRR12646264_TGACAACGTGGCCTGT-1.bam	HCT116_WT_S
SRR12646264_TGACAACTCTCGGTTC-1.bam	HCT116_WT_S
SRR12646264_TGACTTTGTCCAAGTT-1.bam	HCT116_WT_S
SRR12646264_TGACTTTGTCTAGGTT-1.bam	HCT116_WT_S
SRR12646264_TGACTTTTCATCAGGT-1.bam	HCT116_WT_S
SRR12646264_TGAGCATCAACGGGAT-1.bam	HCT116_WT_S
SRR12646264_TGAGCCGAGCTGTCTA-1.bam	HCT116_WT_S
SRR12646264_TGAGCCGAGGTAGCCA-1.bam	HCT116_WT_S
SRR12646264_TGAGCCGCATGAGACG-1.bam	HCT116_WT_S
SRR12646264_TGAGCCGCATGAGGCA-1.bam	HCT116_WT_S
SRR12646264_TGAGCCGGTACAGGAC-1.bam	HCT116_WT_S
SRR12646264_TGAGCCGGTACTGCTA-1.bam	HCT116_WT_S
SRR12646264_TGAGCCGTCGAACCCG-1.bam	HCT116_WT_S
SRR12646264_TGAGGGAAGCATGGCA-1.bam	HCT116_WT_S
SRR12646264_TGAGGGAAGTACGACG-1.bam	HCT116_WT_S
SRR12646264_TGAGGGACATATGGCT-1.bam	HCT116_WT_S
SRR12646264_TGAGGGATCGAGTTGT-1.bam	HCT116_WT_S
SRR12646264_TGAGGGATCTTATGGG-1.bam	HCT116_WT_S
SRR12646264_TGATTTCAGAACTTCC-1.bam	HCT116_WT_S
SRR12646264_TGATTTCTCATGTCAG-1.bam	HCT116_WT_S
SRR12646264_TGCACCTCAGTTCCGG-1.bam	HCT116_WT_S
SRR12646264_TGCCCATCAATCTCTT-1.bam	HCT116_WT_S
SRR12646264_TGCCCATCATACGGTT-1.bam	HCT116_WT_S
SRR12646264_TGCCCATGTCGGGAAT-1.bam	HCT116_WT_S
SRR12646264_TGCCCATTCGTTGGAT-1.bam	HCT116_WT_S
SRR12646264_TGCCCTAAGACACGAC-1.bam	HCT116_WT_S
SRR12646264_TGCCCTAAGATGCGAC-1.bam	HCT116_WT_S
SRR12646264_TGCCCTAGTAGTGGCA-1.bam	HCT116_WT_S
SRR12646264_TGCCCTAGTCCAGTGC-1.bam	HCT116_WT_S
SRR12646264_TGCGGGTAGTACAGTA-1.bam	HCT116_WT_S
SRR12646264_TGCTGCTCAGTGAATA-1.bam	HCT116_WT_S
SRR12646264_TGCTGCTGTTAAGTAG-1.bam	HCT116_WT_S
SRR12646264_TGGACGCCACAACTTG-1.bam	HCT116_WT_S
SRR12646264_TGGCCAGCAACCGCTG-1.bam	HCT116_WT_S
SRR12646264_TGGCGCAGTCTATGAC-1.bam	HCT116_WT_S
SRR12646264_TGGGAAGAGTCGTACT-1.bam	HCT116_WT_S
SRR12646264_TGGGAAGCACCTATGA-1.bam	HCT116_WT_S
SRR12646264_TGGGAAGCACGATGGA-1.bam	HCT116_WT_S
SRR12646264_TGGGAAGGTACTCCGG-1.bam	HCT116_WT_S
SRR12646264_TGGGAAGTCTACACCC-1.bam	HCT116_WT_S
SRR12646264_TGGTTAGAGACCCACC-1.bam	HCT116_WT_S
SRR12646264_TGGTTAGCAATGGCTT-1.bam	HCT116_WT_S
SRR12646264_TGGTTAGCAGTGGATG-1.bam	HCT116_WT_S
SRR12646264_TGGTTAGTCGACCCTT-1.bam	HCT116_WT_S
SRR12646264_TGGTTCCCAGTACTCA-1.bam	HCT116_WT_S
SRR12646264_TGGTTCCCATTCTTCA-1.bam	HCT116_WT_S
SRR12646264_TGTATTCGTACTCGCG-1.bam	HCT116_WT_S
SRR12646264_TGTATTCTCGAGAGGT-1.bam	HCT116_WT_S
SRR12646264_TGTCCCACAAATCAGA-1.bam	HCT116_WT_S
SRR12646264_TGTGGTACAGAGACGT-1.bam	HCT116_WT_S
SRR12646264_TGTGGTAGTATGCTAC-1.bam	HCT116_WT_S
SRR12646264_TGTGTTTGTCAGCCGT-1.bam	HCT116_WT_S
SRR12646264_TTAACTCGTCAGCCGT-1.bam	HCT116_WT_S
SRR12646264_TTAACTCTCAGTGAAA-1.bam	HCT116_WT_S
SRR12646264_TTAACTCTCGTTAAGC-1.bam	HCT116_WT_S
SRR12646264_TTAGGCAAGCGAACTG-1.bam	HCT116_WT_S
SRR12646264_TTAGGCAAGTGACTCT-1.bam	HCT116_WT_S
SRR12646264_TTCCCAGCAGCGTACC-1.bam	HCT116_WT_S
SRR12646264_TTCGAAGCACGACTAT-1.bam	HCT116_WT_S
SRR12646264_TTCGAAGGTTGTCACA-1.bam	HCT116_WT_S
SRR12646264_TTCGGTCAGCCAGTAG-1.bam	HCT116_WT_S
SRR12646264_TTCGGTCAGGCTCAGA-1.bam	HCT116_WT_S
SRR12646264_TTCGGTCCATGACCGC-1.bam	HCT116_WT_S
SRR12646264_TTCGGTCCATTCGTTT-1.bam	HCT116_WT_S
SRR12646264_TTCTACATCATCGCCT-1.bam	HCT116_WT_S
SRR12646264_TTCTCCTTCCGTATTT-1.bam	HCT116_WT_S
SRR12646264_TTCTTAGTCACGTTAG-1.bam	HCT116_WT_S
SRR12646264_TTGAACGCACGTGCGT-1.bam	HCT116_WT_S
SRR12646264_TTGACTTAGCGATTAA-1.bam	HCT116_WT_S
SRR12646264_TTGACTTCAGTTATGC-1.bam	HCT116_WT_S
SRR12646264_TTGCCGTAGAGGGATA-1.bam	HCT116_WT_S
SRR12646264_TTGCCGTGTCAGAAGC-1.bam	HCT116_WT_S
SRR12646264_TTGGAACGTCAGAAGC-1.bam	HCT116_WT_S
SRR12646264_TTGGAACGTTGCCACG-1.bam	HCT116_WT_S
SRR12646264_TTGGAACTCATCTCCG-1.bam	HCT116_WT_S
SRR12646264_TTGGCAAAGTGATGAT-1.bam	HCT116_WT_S
SRR12646264_TTGGCAAGTACCGCTG-1.bam	HCT116_WT_S
SRR12646264_TTGGCAAGTTAGTCAC-1.bam	HCT116_WT_S
SRR12646264_TTTACTGGTCCTCGGA-1.bam	HCT116_WT_S
SRR12646264_TTTATGCTCATTCGCC-1.bam	HCT116_WT_S
SRR12646264_TTTCCTCCACGGAGTA-1.bam	HCT116_WT_S
SRR12646264_TTTCCTCGTCAGGTAG-1.bam	HCT116_WT_S
SRR12646264_TTTGCGCTCTCATACT-1.bam	HCT116_WT_S
SRR12646264_TTTGGTTTCTGGGCTG-1.bam	HCT116_WT_S
SRR12646264_TTTGTCAGTTAAGATG-1.bam	HCT116_WT_S
SRR12646265_AACCGCGGTTGCCTCT-1.bam	HCT116_DKO1_G1
SRR12646265_AAGACCTAGTACGCCC-1.bam	HCT116_DKO1_G1
SRR12646265_AAGTCTGTCGCCAACG-1.bam	HCT116_DKO1_G1
SRR12646265_ACTTACTCAGTAATCC-1.bam	HCT116_DKO1_G1
SRR12646265_ACTTTCATCAGCCCGA-1.bam	HCT116_DKO1_G1
SRR12646265_AGTGAGGCACGACGCT-1.bam	HCT116_DKO1_G1
SRR12646265_AGTGGGATCAGGACTT-1.bam	HCT116_DKO1_G1
SRR12646265_AGTGGGATCCGATACA-1.bam	HCT116_DKO1_G1
SRR12646265_AGTTGGTTCGGAGAGT-1.bam	HCT116_DKO1_G1
SRR12646265_ATAGACCAGTGGGTTG-1.bam	HCT116_DKO1_G1
SRR12646265_ATAGACCTCGAACCCG-1.bam	HCT116_DKO1_G1
SRR12646265_ATGTGTGTCTCTTCCT-1.bam	HCT116_DKO1_G1
SRR12646265_ATTGGACGTTCAGTAC-1.bam	HCT116_DKO1_G1
SRR12646265_CAACTAGCATAGACAA-1.bam	HCT116_DKO1_G1
SRR12646265_CAAGAAAAGGTGTAGC-1.bam	HCT116_DKO1_G1
SRR12646265_CAAGAAATCTAAGTGC-1.bam	HCT116_DKO1_G1
SRR12646265_CACCAGGTCCGGTTCT-1.bam	HCT116_DKO1_G1
SRR12646265_CACCAGGTCGAGAGGT-1.bam	HCT116_DKO1_G1
SRR12646265_CAGCGACTCGACCCTT-1.bam	HCT116_DKO1_G1
SRR12646265_CAGCTGGGTACTCGCG-1.bam	HCT116_DKO1_G1
SRR12646265_CAGTAACGTCGACCAC-1.bam	HCT116_DKO1_G1
SRR12646265_CAGTCCTAGCCCGTGT-1.bam	HCT116_DKO1_G1
SRR12646265_CATCAGAGTTGACCCG-1.bam	HCT116_DKO1_G1
SRR12646265_CATGGCGAGTGTGAAT-1.bam	HCT116_DKO1_G1
SRR12646265_CCACTACTCTATGCAG-1.bam	HCT116_DKO1_G1
SRR12646265_CCCATACGTAAGAGAG-1.bam	HCT116_DKO1_G1
SRR12646265_CCGGTAGCAAGTGAGC-1.bam	HCT116_DKO1_G1
SRR12646265_CCGTACTTCCAGACCG-1.bam	HCT116_DKO1_G1
SRR12646265_CCTCTGATCGCGAGAA-1.bam	HCT116_DKO1_G1
SRR12646265_CGAACATGTGGTACAG-1.bam	HCT116_DKO1_G1
SRR12646265_CGAATGTCATGTAGCT-1.bam	HCT116_DKO1_G1
SRR12646265_CGAGCACCACCAATGT-1.bam	HCT116_DKO1_G1
SRR12646265_CGATTGAGTCTCGTCT-1.bam	HCT116_DKO1_G1
SRR12646265_CGCGGTAAGCGTGAAC-1.bam	HCT116_DKO1_G1
SRR12646265_CGGACACTCCGGCTAG-1.bam	HCT116_DKO1_G1
SRR12646265_CGGCTAGAGCTTTGGT-1.bam	HCT116_DKO1_G1
SRR12646265_CTCAGAACAAGGTCGA-1.bam	HCT116_DKO1_G1
SRR12646265_CTCATTAAGGAGTACC-1.bam	HCT116_DKO1_G1
SRR12646265_CTGTGCTAGAGTCCTT-1.bam	HCT116_DKO1_G1
SRR12646265_CTTTGCGAGGTGCACA-1.bam	HCT116_DKO1_G1
SRR12646265_GACAGAGCATACGGTT-1.bam	HCT116_DKO1_G1
SRR12646265_GACTGCGCACGCGATC-1.bam	HCT116_DKO1_G1
SRR12646265_GCATACATCCGCTCTA-1.bam	HCT116_DKO1_G1
SRR12646265_GCATGCGAGCTAAACA-1.bam	HCT116_DKO1_G1
SRR12646265_GCGACCATCCGTCTAC-1.bam	HCT116_DKO1_G1
SRR12646265_GCGCGATGTATAAGTG-1.bam	HCT116_DKO1_G1
SRR12646265_GCTCTGTAGGTGCAAC-1.bam	HCT116_DKO1_G1
SRR12646265_GCTGCAGCATTCATCT-1.bam	HCT116_DKO1_G1
SRR12646265_GGAATAAAGGATGTCG-1.bam	HCT116_DKO1_G1
SRR12646265_GGACAGAAGCGCCTTG-1.bam	HCT116_DKO1_G1
SRR12646265_GGATGTTCACTCATGA-1.bam	HCT116_DKO1_G1
SRR12646265_GGATTACGTGTGTTCA-1.bam	HCT116_DKO1_G1
SRR12646265_GGCGACTCAAATCGCT-1.bam	HCT116_DKO1_G1
SRR12646265_GGGAGATAGGATGCGT-1.bam	HCT116_DKO1_G1
SRR12646265_GGGCATCAGGTAGCCA-1.bam	HCT116_DKO1_G1
SRR12646265_GGTATTGCATACTGCA-1.bam	HCT116_DKO1_G1
SRR12646265_GTACTTTCAACCGCTG-1.bam	HCT116_DKO1_G1
SRR12646265_GTCGGGTTCTACGGAT-1.bam	HCT116_DKO1_G1
SRR12646265_GTGCGGTAGAAGATTC-1.bam	HCT116_DKO1_G1
SRR12646265_GTGCGGTGTGATTTGC-1.bam	HCT116_DKO1_G1
SRR12646265_GTGGGTCGTGCGAAAC-1.bam	HCT116_DKO1_G1
SRR12646265_GTGTGCGCAGCACACC-1.bam	HCT116_DKO1_G1
SRR12646265_GTTACAGGTCATGCCG-1.bam	HCT116_DKO1_G1
SRR12646265_TAAACCGTCTCCCTAG-1.bam	HCT116_DKO1_G1
SRR12646265_TACGGATTCCACTTCG-1.bam	HCT116_DKO1_G1
SRR12646265_TACTTACCAACGCCGT-1.bam	HCT116_DKO1_G1
SRR12646265_TAGACCAAGAAGGTGA-1.bam	HCT116_DKO1_G1
SRR12646265_TAGAGCTGTATCGCCG-1.bam	HCT116_DKO1_G1
SRR12646265_TCGAGGCGTAGCAGTG-1.bam	HCT116_DKO1_G1
SRR12646265_TCTCTAATCCTCAGTC-1.bam	HCT116_DKO1_G1
SRR12646265_TCTTTCCAGTGAAGTT-1.bam	HCT116_DKO1_G1
SRR12646265_TGAAAGACAGTTATGC-1.bam	HCT116_DKO1_G1
SRR12646265_TGAGCATCAACAGTGG-1.bam	HCT116_DKO1_G1
SRR12646265_TGAGGGAGTGCACACC-1.bam	HCT116_DKO1_G1
SRR12646265_TGCGTGGAGGCTAGAC-1.bam	HCT116_DKO1_G1
SRR12646265_TGCGTGGTCGAGTTAC-1.bam	HCT116_DKO1_G1
SRR12646265_TGCTGCTTCAACAGCT-1.bam	HCT116_DKO1_G1
SRR12646265_TTATGCTTCCAACAAC-1.bam	HCT116_DKO1_G1
SRR12646265_TTCTACATCCGTACCT-1.bam	HCT116_DKO1_G1
SRR12646265_TTGAACGCAAGGTGAC-1.bam	HCT116_DKO1_G1
SRR12646265_TTGGCAATCACGTAGT-1.bam	HCT116_DKO1_G1
SRR12646265_TTTACTGGTTTGGGCC-1.bam	HCT116_DKO1_G1
SRR12646265_TTTGGTTCAACACGTT-1.bam	HCT116_DKO1_G1
SRR12646266_AAACCTGGTTATGTGC-1.bam	HCT116_DKO1_S
SRR12646266_AAACCTGGTTTACTTC-1.bam	HCT116_DKO1_S
SRR12646266_AAACGGGAGCACAGGT-1.bam	HCT116_DKO1_S
SRR12646266_AAACGGGAGCTGAAAT-1.bam	HCT116_DKO1_S
SRR12646266_AAAGATGGTAACTAAG-1.bam	HCT116_DKO1_S
SRR12646266_AAAGCAAAGTCGTCCG-1.bam	HCT116_DKO1_S
SRR12646266_AAAGCAAGTAATGACA-1.bam	HCT116_DKO1_S
SRR12646266_AAAGTAGGTGGCCTGT-1.bam	HCT116_DKO1_S
SRR12646266_AAAGTAGTCGGTCACG-1.bam	HCT116_DKO1_S
SRR12646266_AACGTTGAGCTATCAC-1.bam	HCT116_DKO1_S
SRR12646266_AACGTTGAGGCATTTC-1.bam	HCT116_DKO1_S
SRR12646266_AACTCAGGTGCTCTGG-1.bam	HCT116_DKO1_S
SRR12646266_AACTCCCGTCTTCGTC-1.bam	HCT116_DKO1_S
SRR12646266_AACTCCCTCAGAGCGA-1.bam	HCT116_DKO1_S
SRR12646266_AACTCTTGTGTCCGAC-1.bam	HCT116_DKO1_S
SRR12646266_AACTGGTGTGGCGTCT-1.bam	HCT116_DKO1_S
SRR12646266_AACTGGTTCCTCTGCA-1.bam	HCT116_DKO1_S
SRR12646266_AACTTTCAGACAGAGA-1.bam	HCT116_DKO1_S
SRR12646266_AACTTTCAGTGCTGCC-1.bam	HCT116_DKO1_S
SRR12646266_AACTTTCCACAATCAC-1.bam	HCT116_DKO1_S
SRR12646266_AAGGAGCGTTTGTCAG-1.bam	HCT116_DKO1_S
SRR12646266_AAGGCAGCAGCTTGAT-1.bam	HCT116_DKO1_S
SRR12646266_AAGGCAGTCAGCACGC-1.bam	HCT116_DKO1_S
SRR12646266_AAGGTTCAGCCTAACT-1.bam	HCT116_DKO1_S
SRR12646266_AAGGTTCCAGAGCTCC-1.bam	HCT116_DKO1_S
SRR12646266_AATCGGTCATACAGAA-1.bam	HCT116_DKO1_S
SRR12646266_ACACCAAAGATGTGGC-1.bam	HCT116_DKO1_S
SRR12646266_ACACCAACACAGCCAC-1.bam	HCT116_DKO1_S
SRR12646266_ACACCGGCATCAGGGA-1.bam	HCT116_DKO1_S
SRR12646266_ACACTGATCCAAGGGA-1.bam	HCT116_DKO1_S
SRR12646266_ACAGCCGAGTGGCACA-1.bam	HCT116_DKO1_S
SRR12646266_ACAGCCGTCCAGGTTA-1.bam	HCT116_DKO1_S
SRR12646266_ACATGGTCAACCTAGT-1.bam	HCT116_DKO1_S
SRR12646266_ACATGGTCACATTGGT-1.bam	HCT116_DKO1_S
SRR12646266_ACATGGTCATCAAGAA-1.bam	HCT116_DKO1_S
SRR12646266_ACATGGTTCCCGTTGT-1.bam	HCT116_DKO1_S
SRR12646266_ACCAGTAGTACCTCGG-1.bam	HCT116_DKO1_S
SRR12646266_ACCAGTAGTTCTTTGT-1.bam	HCT116_DKO1_S
SRR12646266_ACCCACTGTGCACTTA-1.bam	HCT116_DKO1_S
SRR12646266_ACCCACTGTGCTATTG-1.bam	HCT116_DKO1_S
SRR12646266_ACCGTAAAGCACAGGT-1.bam	HCT116_DKO1_S
SRR12646266_ACCGTAACATGATAAG-1.bam	HCT116_DKO1_S
SRR12646266_ACCTTTAGTCGCGTAC-1.bam	HCT116_DKO1_S
SRR12646266_ACGAGCCCATTGAAGA-1.bam	HCT116_DKO1_S
SRR12646266_ACGAGCCGTCCTCGGA-1.bam	HCT116_DKO1_S
SRR12646266_ACGATGTAGGCCATAG-1.bam	HCT116_DKO1_S
SRR12646266_ACGCAGCCATCGCACG-1.bam	HCT116_DKO1_S
SRR12646266_ACGCCAGAGGCATTGG-1.bam	HCT116_DKO1_S
SRR12646266_ACGCCAGCACCGAACC-1.bam	HCT116_DKO1_S
SRR12646266_ACGCCGAAGTCCGGTC-1.bam	HCT116_DKO1_S
SRR12646266_ACGGGCTTCAGCGCGT-1.bam	HCT116_DKO1_S
SRR12646266_ACGGGTCAGATCCCGC-1.bam	HCT116_DKO1_S
SRR12646266_ACGGGTCCATGGAGAC-1.bam	HCT116_DKO1_S
SRR12646266_ACGTCAACACGCACGT-1.bam	HCT116_DKO1_S
SRR12646266_ACTATCTGTAACGGCA-1.bam	HCT116_DKO1_S
SRR12646266_ACTGAACGTGGTCAGA-1.bam	HCT116_DKO1_S
SRR12646266_ACTGAACGTTAGCTCA-1.bam	HCT116_DKO1_S
SRR12646266_ACTGATGGTGGCAACA-1.bam	HCT116_DKO1_S
SRR12646266_ACTGCTCCAGCGGTCT-1.bam	HCT116_DKO1_S
SRR12646266_ACTGCTCTCATCGGTA-1.bam	HCT116_DKO1_S
SRR12646266_ACTGTCCGTCATACCA-1.bam	HCT116_DKO1_S
SRR12646266_ACTTGTTCAGGTGCAA-1.bam	HCT116_DKO1_S
SRR12646266_ACTTGTTGTTTACTCT-1.bam	HCT116_DKO1_S
SRR12646266_ACTTTCACAGCGCATC-1.bam	HCT116_DKO1_S
SRR12646266_ACTTTCAGTAGTCTGT-1.bam	HCT116_DKO1_S
SRR12646266_AGAATAGAGTCCAGGA-1.bam	HCT116_DKO1_S
SRR12646266_AGAATAGCACGACTAT-1.bam	HCT116_DKO1_S
SRR12646266_AGACGTTTCAAGCCAT-1.bam	HCT116_DKO1_S
SRR12646266_AGACGTTTCACTACAG-1.bam	HCT116_DKO1_S
SRR12646266_AGAGCGATCGTATTGG-1.bam	HCT116_DKO1_S
SRR12646266_AGAGCTTGTTCGCGTG-1.bam	HCT116_DKO1_S
SRR12646266_AGAGCTTTCCAGGTTA-1.bam	HCT116_DKO1_S
SRR12646266_AGAGCTTTCCTCGACT-1.bam	HCT116_DKO1_S
SRR12646266_AGAGTGGTCAAGTGCT-1.bam	HCT116_DKO1_S
SRR12646266_AGATTGCCACGCACGT-1.bam	HCT116_DKO1_S
SRR12646266_AGATTGCTCCTCGCTA-1.bam	HCT116_DKO1_S
SRR12646266_AGCCTAATCCTCAGCT-1.bam	HCT116_DKO1_S
SRR12646266_AGCGGTCCACCAGTGC-1.bam	HCT116_DKO1_S
SRR12646266_AGCTCCTGTCGGAAGT-1.bam	HCT116_DKO1_S
SRR12646266_AGCTCCTTCCTTATTG-1.bam	HCT116_DKO1_S
SRR12646266_AGCTCCTTCGACAATC-1.bam	HCT116_DKO1_S
SRR12646266_AGCTCTCTCATTTGCT-1.bam	HCT116_DKO1_S
SRR12646266_AGCTTGAAGATTCACC-1.bam	HCT116_DKO1_S
SRR12646266_AGCTTGACAGTGCTTA-1.bam	HCT116_DKO1_S
SRR12646266_AGGCCGTCATAGGTCT-1.bam	HCT116_DKO1_S
SRR12646266_AGGGATGGTGACTGAG-1.bam	HCT116_DKO1_S
SRR12646266_AGGGATGTCAGGTGAG-1.bam	HCT116_DKO1_S
SRR12646266_AGGGTGACAGGGAAGG-1.bam	HCT116_DKO1_S
SRR12646266_AGGTCCGGTAGTGACG-1.bam	HCT116_DKO1_S
SRR12646266_AGGTCCGTCCTCAGTC-1.bam	HCT116_DKO1_S
SRR12646266_AGTAGTCCAGGTGTGA-1.bam	HCT116_DKO1_S
SRR12646266_AGTGGGATCCAAACCA-1.bam	HCT116_DKO1_S
SRR12646266_AGTGTCAAGGTCGGAT-1.bam	HCT116_DKO1_S
SRR12646266_AGTTGGTGTTGTCACA-1.bam	HCT116_DKO1_S
SRR12646266_ATAACGCAGCCCAATT-1.bam	HCT116_DKO1_S
SRR12646266_ATAACGCAGTCGTGTT-1.bam	HCT116_DKO1_S
SRR12646266_ATCACGAAGAACAATC-1.bam	HCT116_DKO1_S
SRR12646266_ATCACGAAGGCTCAGA-1.bam	HCT116_DKO1_S
SRR12646266_ATCATGGAGGACAGAA-1.bam	HCT116_DKO1_S
SRR12646266_ATCATGGGTTCTAGTG-1.bam	HCT116_DKO1_S
SRR12646266_ATCATGGTCTGCACAA-1.bam	HCT116_DKO1_S
SRR12646266_ATCGAGTGTTGCGGCT-1.bam	HCT116_DKO1_S
SRR12646266_ATCGAGTTCATGGTGT-1.bam	HCT116_DKO1_S
SRR12646266_ATGCGATGTAACAATG-1.bam	HCT116_DKO1_S
SRR12646266_ATGCGATTCTTCCGAC-1.bam	HCT116_DKO1_S
SRR12646266_ATGGGAGCATTCGTTT-1.bam	HCT116_DKO1_S
SRR12646266_ATGTGTGAGCTCCTTC-1.bam	HCT116_DKO1_S
SRR12646266_ATGTGTGCAGACTTGT-1.bam	HCT116_DKO1_S
SRR12646266_ATTATCCAGCACGCCT-1.bam	HCT116_DKO1_S
SRR12646266_ATTATCCTCGTTCGTC-1.bam	HCT116_DKO1_S
SRR12646266_ATTCTACAGCAGTACG-1.bam	HCT116_DKO1_S
SRR12646266_ATTGGACAGACTAGAT-1.bam	HCT116_DKO1_S
SRR12646266_ATTGGACAGGCTCTTA-1.bam	HCT116_DKO1_S
SRR12646266_ATTGGACGTAGGTTTC-1.bam	HCT116_DKO1_S
SRR12646266_ATTGGTGGTTCGCGTG-1.bam	HCT116_DKO1_S
SRR12646266_ATTGGTGTCGCGATGC-1.bam	HCT116_DKO1_S
SRR12646266_ATTTCTGAGTGTTGAA-1.bam	HCT116_DKO1_S
SRR12646266_ATTTCTGTCCGTATTT-1.bam	HCT116_DKO1_S
SRR12646266_CAACTAGGTAGGTTTC-1.bam	HCT116_DKO1_S
SRR12646266_CAAGGCCAGTCCGGTC-1.bam	HCT116_DKO1_S
SRR12646266_CAAGTTGCACCAATGT-1.bam	HCT116_DKO1_S
SRR12646266_CACACCTGTGACGGTA-1.bam	HCT116_DKO1_S
SRR12646266_CACACTCAGAAAGCTT-1.bam	HCT116_DKO1_S
SRR12646266_CACAGGCAGATACACA-1.bam	HCT116_DKO1_S
SRR12646266_CACAGGCGTCGCGAAA-1.bam	HCT116_DKO1_S
SRR12646266_CACAGTACACGTTTAG-1.bam	HCT116_DKO1_S
SRR12646266_CACATTTGTGCATCTA-1.bam	HCT116_DKO1_S
SRR12646266_CACCACTAGGATCGCA-1.bam	HCT116_DKO1_S
SRR12646266_CACCACTCACCACACG-1.bam	HCT116_DKO1_S
SRR12646266_CACCAGGAGGTGTTAA-1.bam	HCT116_DKO1_S
SRR12646266_CACCTTGGTTCAGGTT-1.bam	HCT116_DKO1_S
SRR12646266_CACTCCAAGAATGGGA-1.bam	HCT116_DKO1_S
SRR12646266_CACTCCAGTGGAAAGA-1.bam	HCT116_DKO1_S
SRR12646266_CACTCCATCTTCTAAC-1.bam	HCT116_DKO1_S
SRR12646266_CAGAATCTCATCGGTA-1.bam	HCT116_DKO1_S
SRR12646266_CAGAATCTCGTAGCGC-1.bam	HCT116_DKO1_S
SRR12646266_CAGCAGCCAGACGAGT-1.bam	HCT116_DKO1_S
SRR12646266_CAGCAGCGTCAATTCG-1.bam	HCT116_DKO1_S
SRR12646266_CAGCATAGTTCAGGTT-1.bam	HCT116_DKO1_S
SRR12646266_CAGCCGACATAGTGGG-1.bam	HCT116_DKO1_S
SRR12646266_CAGCGACAGAAGCCCA-1.bam	HCT116_DKO1_S
SRR12646266_CAGCGACTCTCGGTTC-1.bam	HCT116_DKO1_S
SRR12646266_CAGTAACGTGACACGA-1.bam	HCT116_DKO1_S
SRR12646266_CAGTAACGTGTAATGA-1.bam	HCT116_DKO1_S
SRR12646266_CAGTCCTGTACCGCTG-1.bam	HCT116_DKO1_S
SRR12646266_CATATTCTCAACTGCA-1.bam	HCT116_DKO1_S
SRR12646266_CATATTCTCACGTATG-1.bam	HCT116_DKO1_S
SRR12646266_CATCAAGAGCCCAGCT-1.bam	HCT116_DKO1_S
SRR12646266_CATCAAGCACCAATGT-1.bam	HCT116_DKO1_S
SRR12646266_CATCAGAGTGGTAAGC-1.bam	HCT116_DKO1_S
SRR12646266_CATCAGAGTTGGTATC-1.bam	HCT116_DKO1_S
SRR12646266_CATCAGATCGGTGCAC-1.bam	HCT116_DKO1_S
SRR12646266_CATCGGGTCTGGGCAC-1.bam	HCT116_DKO1_S
SRR12646266_CATGACAAGTACGACG-1.bam	HCT116_DKO1_S
SRR12646266_CATGACAGTGATCCTA-1.bam	HCT116_DKO1_S
SRR12646266_CATGGCGAGGAATGGA-1.bam	HCT116_DKO1_S
SRR12646266_CATGGCGAGGATGTCG-1.bam	HCT116_DKO1_S
SRR12646266_CATTCGCCACGCGATC-1.bam	HCT116_DKO1_S
SRR12646266_CATTCGCTCTTCCGAC-1.bam	HCT116_DKO1_S
SRR12646266_CCAATCCGTGGTGAGT-1.bam	HCT116_DKO1_S
SRR12646266_CCACCTAAGGAATGGA-1.bam	HCT116_DKO1_S
SRR12646266_CCACCTAGTCTCGGCA-1.bam	HCT116_DKO1_S
SRR12646266_CCACCTATCGTTACCC-1.bam	HCT116_DKO1_S
SRR12646266_CCACGGAAGATCACTC-1.bam	HCT116_DKO1_S
SRR12646266_CCACTACTCGGAAGAC-1.bam	HCT116_DKO1_S
SRR12646266_CCAGCGATCCTAGACA-1.bam	HCT116_DKO1_S
SRR12646266_CCATGTCGTGCTTCGG-1.bam	HCT116_DKO1_S
SRR12646266_CCCAATCAGCTTTGGT-1.bam	HCT116_DKO1_S
SRR12646266_CCCAATCAGTGACATA-1.bam	HCT116_DKO1_S
SRR12646266_CCCAATCCAACTCGCG-1.bam	HCT116_DKO1_S
SRR12646266_CCCAATCCACAAGCTT-1.bam	HCT116_DKO1_S
SRR12646266_CCCAATCTCAGCGTCG-1.bam	HCT116_DKO1_S
SRR12646266_CCCAGTTGTGGTCAAG-1.bam	HCT116_DKO1_S
SRR12646266_CCCAGTTTCAAGACAA-1.bam	HCT116_DKO1_S
SRR12646266_CCCAGTTTCATTCGCC-1.bam	HCT116_DKO1_S
SRR12646266_CCCAGTTTCGTGTACA-1.bam	HCT116_DKO1_S
SRR12646266_CCCATACAGTGGCACA-1.bam	HCT116_DKO1_S
SRR12646266_CCCATACGTTGCCTCT-1.bam	HCT116_DKO1_S
SRR12646266_CCCATACGTTGGCGTC-1.bam	HCT116_DKO1_S
SRR12646266_CCGGTAGCAAAGGGTC-1.bam	HCT116_DKO1_S
SRR12646266_CCGGTAGCACTCTCTG-1.bam	HCT116_DKO1_S
SRR12646266_CCGGTAGGTTTGTCAG-1.bam	HCT116_DKO1_S
SRR12646266_CCGTACTCATGTTGCA-1.bam	HCT116_DKO1_S
SRR12646266_CCGTACTTCGTGCCTT-1.bam	HCT116_DKO1_S
SRR12646266_CCGTACTTCTCAGCGG-1.bam	HCT116_DKO1_S
SRR12646266_CCGTGGAAGTCAAGCG-1.bam	HCT116_DKO1_S
SRR12646266_CCGTGGAGTAACAGCG-1.bam	HCT116_DKO1_S
SRR12646266_CCGTTCATCCAACCGG-1.bam	HCT116_DKO1_S
SRR12646266_CCTAAAGGTGGTTCTA-1.bam	HCT116_DKO1_S
SRR12646266_CCTACCAAGGGTAACC-1.bam	HCT116_DKO1_S
SRR12646266_CCTACCACACACTCGG-1.bam	HCT116_DKO1_S
SRR12646266_CCTATTAGTACTGCTA-1.bam	HCT116_DKO1_S
SRR12646266_CCTTACGAGACGTCGA-1.bam	HCT116_DKO1_S
SRR12646266_CCTTCCCAGCGCTCAC-1.bam	HCT116_DKO1_S
SRR12646266_CCTTCGAGTTTGGGCC-1.bam	HCT116_DKO1_S
SRR12646266_CCTTCGATCAGAGTCT-1.bam	HCT116_DKO1_S
SRR12646266_CCTTTCTGTTCAAGAA-1.bam	HCT116_DKO1_S
SRR12646266_CGAACATGTATGCGGA-1.bam	HCT116_DKO1_S
SRR12646266_CGAATGTGTACCAACT-1.bam	HCT116_DKO1_S
SRR12646266_CGACCTTAGAGTAATC-1.bam	HCT116_DKO1_S
SRR12646266_CGACTTCCAAGAACTA-1.bam	HCT116_DKO1_S
SRR12646266_CGACTTCCATACTTGG-1.bam	HCT116_DKO1_S
SRR12646266_CGACTTCGTGTCAACT-1.bam	HCT116_DKO1_S
SRR12646266_CGAGCACGTCTACATG-1.bam	HCT116_DKO1_S
SRR12646266_CGAGCACTCTTAAGGC-1.bam	HCT116_DKO1_S
SRR12646266_CGAGCACTCTTCTAAC-1.bam	HCT116_DKO1_S
SRR12646266_CGAGCCAAGGGCATGT-1.bam	HCT116_DKO1_S
SRR12646266_CGAGCCAAGTCAAGCG-1.bam	HCT116_DKO1_S
SRR12646266_CGATCGGAGCCGAACA-1.bam	HCT116_DKO1_S
SRR12646266_CGATCGGCACAGCTGC-1.bam	HCT116_DKO1_S
SRR12646266_CGATGGCGTTATCGGT-1.bam	HCT116_DKO1_S
SRR12646266_CGATGTAGTGGAGCTA-1.bam	HCT116_DKO1_S
SRR12646266_CGCCAAGGTTGCAGCC-1.bam	HCT116_DKO1_S
SRR12646266_CGCGTTTAGCTAGCCC-1.bam	HCT116_DKO1_S
SRR12646266_CGCGTTTCAAATCGCT-1.bam	HCT116_DKO1_S
SRR12646266_CGCGTTTTCCTCTGCA-1.bam	HCT116_DKO1_S
SRR12646266_CGCTATCAGAACTTCC-1.bam	HCT116_DKO1_S
SRR12646266_CGCTATCGTCGGAAGT-1.bam	HCT116_DKO1_S
SRR12646266_CGCTGGACAGCTATGT-1.bam	HCT116_DKO1_S
SRR12646266_CGCTGGACATGAGAAT-1.bam	HCT116_DKO1_S
SRR12646266_CGCTTCAGTCTATGAC-1.bam	HCT116_DKO1_S
SRR12646266_CGGACACCATAGGGCA-1.bam	HCT116_DKO1_S
SRR12646266_CGGACACGTCTCTATT-1.bam	HCT116_DKO1_S
SRR12646266_CGGACACTCCACCCAT-1.bam	HCT116_DKO1_S
SRR12646266_CGGACTGCACGCACGT-1.bam	HCT116_DKO1_S
SRR12646266_CGGACTGCATGAGACG-1.bam	HCT116_DKO1_S
SRR12646266_CGGAGTCAGTTGTCGT-1.bam	HCT116_DKO1_S
SRR12646266_CGGCTAGGTACTACAC-1.bam	HCT116_DKO1_S
SRR12646266_CGGGTCACAGAGCTCC-1.bam	HCT116_DKO1_S
SRR12646266_CGGTTAACAAGAGAGA-1.bam	HCT116_DKO1_S
SRR12646266_CGGTTAATCGCCTGGA-1.bam	HCT116_DKO1_S
SRR12646266_CGTAGGCAGCTTCAGT-1.bam	HCT116_DKO1_S
SRR12646266_CGTCCATCACGAGATG-1.bam	HCT116_DKO1_S
SRR12646266_CGTCCATGTCCAGCCA-1.bam	HCT116_DKO1_S
SRR12646266_CGTCCATGTTCCACAA-1.bam	HCT116_DKO1_S
SRR12646266_CGTCTACGTCCTTGGG-1.bam	HCT116_DKO1_S
SRR12646266_CGTGAGCGTCCGAATT-1.bam	HCT116_DKO1_S
SRR12646266_CGTGAGCGTTACGGCC-1.bam	HCT116_DKO1_S
SRR12646266_CGTGTAAAGTCCAGGA-1.bam	HCT116_DKO1_S
SRR12646266_CGTGTAACAAACTCAC-1.bam	HCT116_DKO1_S
SRR12646266_CGTTAGATCTAACACG-1.bam	HCT116_DKO1_S
SRR12646266_CTAACTTGTGACCAAG-1.bam	HCT116_DKO1_S
SRR12646266_CTAAGACAGACTTTCG-1.bam	HCT116_DKO1_S
SRR12646266_CTAAGACTCGGGAAAC-1.bam	HCT116_DKO1_S
SRR12646266_CTAATGGGTCTCGGCA-1.bam	HCT116_DKO1_S
SRR12646266_CTACACCAGAGGTTAT-1.bam	HCT116_DKO1_S
SRR12646266_CTACACCGTTGCGGCT-1.bam	HCT116_DKO1_S
SRR12646266_CTACATTCACAGCTGC-1.bam	HCT116_DKO1_S
SRR12646266_CTACATTGTTCCCTAC-1.bam	HCT116_DKO1_S
SRR12646266_CTACGTCGTCGGAAGT-1.bam	HCT116_DKO1_S
SRR12646266_CTAGAGTCAACCGCTG-1.bam	HCT116_DKO1_S
SRR12646266_CTCACACGTATTCGCA-1.bam	HCT116_DKO1_S
SRR12646266_CTCAGAACATACGGTT-1.bam	HCT116_DKO1_S
SRR12646266_CTCATTATCACCATCC-1.bam	HCT116_DKO1_S
SRR12646266_CTCATTATCTCGAGCG-1.bam	HCT116_DKO1_S
SRR12646266_CTCCTAGGTGGGCCTT-1.bam	HCT116_DKO1_S
SRR12646266_CTCCTAGTCATCAGCA-1.bam	HCT116_DKO1_S
SRR12646266_CTCGAAACACCTATGA-1.bam	HCT116_DKO1_S
SRR12646266_CTCGAAACATCATGCA-1.bam	HCT116_DKO1_S
SRR12646266_CTCGGAGAGCAGATCG-1.bam	HCT116_DKO1_S
SRR12646266_CTCGGGACAGCATGTT-1.bam	HCT116_DKO1_S
SRR12646266_CTCGTCAAGTCGCGTC-1.bam	HCT116_DKO1_S
SRR12646266_CTCTACGTCTAGAACC-1.bam	HCT116_DKO1_S
SRR12646266_CTCTGGTTCAGACACT-1.bam	HCT116_DKO1_S
SRR12646266_CTCTGGTTCTACGGAT-1.bam	HCT116_DKO1_S
SRR12646266_CTGAAACCAATTCACG-1.bam	HCT116_DKO1_S
SRR12646266_CTGAAACCATAGACAA-1.bam	HCT116_DKO1_S
SRR12646266_CTGAAACGTCAAGCAG-1.bam	HCT116_DKO1_S
SRR12646266_CTGAAGTTCGGATCCG-1.bam	HCT116_DKO1_S
SRR12646266_CTGATAGCAGGTTAAA-1.bam	HCT116_DKO1_S
SRR12646266_CTGATCCGTTCGCGTG-1.bam	HCT116_DKO1_S
SRR12646266_CTGCCTAAGAAACCAT-1.bam	HCT116_DKO1_S
SRR12646266_CTGCCTACAAGACTTC-1.bam	HCT116_DKO1_S
SRR12646266_CTGCCTACAGTAATCC-1.bam	HCT116_DKO1_S
SRR12646266_CTGCCTATCTGTTGTT-1.bam	HCT116_DKO1_S
SRR12646266_CTGCGGATCGCGGCAT-1.bam	HCT116_DKO1_S
SRR12646266_CTGGTCTGTCACCTGG-1.bam	HCT116_DKO1_S
SRR12646266_CTGGTCTTCCGCCTTA-1.bam	HCT116_DKO1_S
SRR12646266_CTGGTCTTCTAACACG-1.bam	HCT116_DKO1_S
SRR12646266_CTGTGCTAGCGCTCAC-1.bam	HCT116_DKO1_S
SRR12646266_CTGTGCTAGCTGCACC-1.bam	HCT116_DKO1_S
SRR12646266_CTGTGCTGTGCTTTCC-1.bam	HCT116_DKO1_S
SRR12646266_CTGTGCTTCTACGGAT-1.bam	HCT116_DKO1_S
SRR12646266_CTGTTTAAGCTAAGAT-1.bam	HCT116_DKO1_S
SRR12646266_CTTAACTCACGGAGTA-1.bam	HCT116_DKO1_S
SRR12646266_CTTAGGAAGGCTGCTC-1.bam	HCT116_DKO1_S
SRR12646266_CTTCTCTAGATGTAAC-1.bam	HCT116_DKO1_S
SRR12646266_CTTCTCTAGATTACCC-1.bam	HCT116_DKO1_S
SRR12646266_CTTGGCTAGCTTCAGT-1.bam	HCT116_DKO1_S
SRR12646266_GAAACTCCATCCCTTG-1.bam	HCT116_DKO1_S
SRR12646266_GAACATCGTCACCGCA-1.bam	HCT116_DKO1_S
SRR12646266_GAACATCTCGTTACCC-1.bam	HCT116_DKO1_S
SRR12646266_GAACGGAAGGCTCAGA-1.bam	HCT116_DKO1_S
SRR12646266_GAACGGAAGTCCCGAC-1.bam	HCT116_DKO1_S
SRR12646266_GAACGGAAGTCGATAA-1.bam	HCT116_DKO1_S
SRR12646266_GAACGGACAGGTCCCA-1.bam	HCT116_DKO1_S
SRR12646266_GACCAATTCACCGCAG-1.bam	HCT116_DKO1_S
SRR12646266_GACCTGGAGCATGAGC-1.bam	HCT116_DKO1_S
SRR12646266_GACGCGTTCAGATGTC-1.bam	HCT116_DKO1_S
SRR12646266_GACGGCTCAACACTTG-1.bam	HCT116_DKO1_S
SRR12646266_GACGGCTTCAGAAACA-1.bam	HCT116_DKO1_S
SRR12646266_GACGTGCGTAATATGG-1.bam	HCT116_DKO1_S
SRR12646266_GACGTTAGTTCTTCGC-1.bam	HCT116_DKO1_S
SRR12646266_GACTAACGTGGCGTCT-1.bam	HCT116_DKO1_S
SRR12646266_GACTAACTCCTTGAAG-1.bam	HCT116_DKO1_S
SRR12646266_GACTGCGAGACCACGA-1.bam	HCT116_DKO1_S
SRR12646266_GACTGCGAGTGCGTGA-1.bam	HCT116_DKO1_S
SRR12646266_GAGCAGAGTCCCGACA-1.bam	HCT116_DKO1_S
SRR12646266_GAGCAGAGTGATACCT-1.bam	HCT116_DKO1_S
SRR12646266_GAGTCCGTCTGGGACC-1.bam	HCT116_DKO1_S
SRR12646266_GATCAGTAGGTGCAAC-1.bam	HCT116_DKO1_S
SRR12646266_GATCGTAAGTTTCCTT-1.bam	HCT116_DKO1_S
SRR12646266_GATGAAAAGAAGATTC-1.bam	HCT116_DKO1_S
SRR12646266_GATGAAAGTTAAAGGT-1.bam	HCT116_DKO1_S
SRR12646266_GATGAGGAGAAGGACA-1.bam	HCT116_DKO1_S
SRR12646266_GATGAGGAGCCCGAAA-1.bam	HCT116_DKO1_S
SRR12646266_GATGAGGAGGGCTTGA-1.bam	HCT116_DKO1_S
SRR12646266_GATGAGGCAGATCCCG-1.bam	HCT116_DKO1_S
SRR12646266_GATGAGGGTTACGCCG-1.bam	HCT116_DKO1_S
SRR12646266_GATGAGGTCGAGCCGT-1.bam	HCT116_DKO1_S
SRR12646266_GATGAGGTCGAGGTGA-1.bam	HCT116_DKO1_S
SRR12646266_GATGCTAGTGTCGCTG-1.bam	HCT116_DKO1_S
SRR12646266_GATGCTAGTTGAACAA-1.bam	HCT116_DKO1_S
SRR12646266_GATTCAGAGGTGACCA-1.bam	HCT116_DKO1_S
SRR12646266_GATTCAGGTAGGATAT-1.bam	HCT116_DKO1_S
SRR12646266_GATTCAGGTATAAGTG-1.bam	HCT116_DKO1_S
SRR12646266_GATTCAGGTTCCGTCT-1.bam	HCT116_DKO1_S
SRR12646266_GCAAACTGTCCCACAG-1.bam	HCT116_DKO1_S
SRR12646266_GCAAACTTCCCAGAAT-1.bam	HCT116_DKO1_S
SRR12646266_GCAATCACATACTGCA-1.bam	HCT116_DKO1_S
SRR12646266_GCAATCAGTCTCGGTG-1.bam	HCT116_DKO1_S
SRR12646266_GCAGTTAAGTGGGTTG-1.bam	HCT116_DKO1_S
SRR12646266_GCAGTTACAGTAGGGT-1.bam	HCT116_DKO1_S
SRR12646266_GCAGTTATCCTACCCA-1.bam	HCT116_DKO1_S
SRR12646266_GCAGTTATCTGGTCCT-1.bam	HCT116_DKO1_S
SRR12646266_GCATACAAGCGTCAAG-1.bam	HCT116_DKO1_S
SRR12646266_GCATACAAGGATGTCG-1.bam	HCT116_DKO1_S
SRR12646266_GCATACATCTAATGGC-1.bam	HCT116_DKO1_S
SRR12646266_GCATGCGGTTTCCGAA-1.bam	HCT116_DKO1_S
SRR12646266_GCATGCGTCGATCCGG-1.bam	HCT116_DKO1_S
SRR12646266_GCATGTAAGCTAAACA-1.bam	HCT116_DKO1_S
SRR12646266_GCCAAATAGAAAGTGG-1.bam	HCT116_DKO1_S
SRR12646266_GCCAAATAGTCTCCTC-1.bam	HCT116_DKO1_S
SRR12646266_GCCAAATGTACCACTA-1.bam	HCT116_DKO1_S
SRR12646266_GCCAAATGTATGTACC-1.bam	HCT116_DKO1_S
SRR12646266_GCCAAATGTTGAACTC-1.bam	HCT116_DKO1_S
SRR12646266_GCCTCTAGTACCACTA-1.bam	HCT116_DKO1_S
SRR12646266_GCCTCTATCTGACGCG-1.bam	HCT116_DKO1_S
SRR12646266_GCGACCAAGCGTCAAG-1.bam	HCT116_DKO1_S
SRR12646266_GCGACCAGTACGTAAA-1.bam	HCT116_DKO1_S
SRR12646266_GCGCAACTCGAGGAGT-1.bam	HCT116_DKO1_S
SRR12646266_GCGCAACTCTGGATCA-1.bam	HCT116_DKO1_S
SRR12646266_GCGCAGTCACCCTCTA-1.bam	HCT116_DKO1_S
SRR12646266_GCGCGATTCAGTACCA-1.bam	HCT116_DKO1_S
SRR12646266_GCGGGTTCACAACTTG-1.bam	HCT116_DKO1_S
SRR12646266_GCGGGTTGTGGAAGGG-1.bam	HCT116_DKO1_S
SRR12646266_GCGGGTTGTTCAGTGT-1.bam	HCT116_DKO1_S
SRR12646266_GCTCCTACAACCTAGT-1.bam	HCT116_DKO1_S
SRR12646266_GCTCTGTGTTGCCACG-1.bam	HCT116_DKO1_S
SRR12646266_GCTGGGTCACGAGTTT-1.bam	HCT116_DKO1_S
SRR12646266_GCTTCCAAGTCGCGTC-1.bam	HCT116_DKO1_S
SRR12646266_GCTTGAACAACTCCGG-1.bam	HCT116_DKO1_S
SRR12646266_GCTTGAAGTAATCAGA-1.bam	HCT116_DKO1_S
SRR12646266_GGAAAGCGTCTTGCGG-1.bam	HCT116_DKO1_S
SRR12646266_GGAATAACATACTGCA-1.bam	HCT116_DKO1_S
SRR12646266_GGAATAACATTCGTTT-1.bam	HCT116_DKO1_S
SRR12646266_GGACAGAAGTGCGTGA-1.bam	HCT116_DKO1_S
SRR12646266_GGACAGATCGAGTACT-1.bam	HCT116_DKO1_S
SRR12646266_GGACATTCAACACTTG-1.bam	HCT116_DKO1_S
SRR12646266_GGACATTCAACGCTTA-1.bam	HCT116_DKO1_S
SRR12646266_GGAGCAACACTGTATG-1.bam	HCT116_DKO1_S
SRR12646266_GGCAATTTCCACCGGA-1.bam	HCT116_DKO1_S
SRR12646266_GGCAATTTCGCACAGC-1.bam	HCT116_DKO1_S
SRR12646266_GGCGACTAGATTGAGT-1.bam	HCT116_DKO1_S
SRR12646266_GGCGACTAGTGGTAAT-1.bam	HCT116_DKO1_S
SRR12646266_GGCGACTCATGGCACC-1.bam	HCT116_DKO1_S
SRR12646266_GGCTCGAAGCCAGAAC-1.bam	HCT116_DKO1_S
SRR12646266_GGCTCGAAGGAGTTGC-1.bam	HCT116_DKO1_S
SRR12646266_GGCTGGTAGGGATACC-1.bam	HCT116_DKO1_S
SRR12646266_GGCTGGTGTGCGCTTG-1.bam	HCT116_DKO1_S
SRR12646266_GGCTGGTGTGTGCTTA-1.bam	HCT116_DKO1_S
SRR12646266_GGGAATGAGCACACAG-1.bam	HCT116_DKO1_S
SRR12646266_GGGAATGAGTACGATA-1.bam	HCT116_DKO1_S
SRR12646266_GGGAATGCATCGGTCG-1.bam	HCT116_DKO1_S
SRR12646266_GGGAATGGTGAACACG-1.bam	HCT116_DKO1_S
SRR12646266_GGGAGATGTGCTTCGG-1.bam	HCT116_DKO1_S
SRR12646266_GGGATGAGTAGACCAG-1.bam	HCT116_DKO1_S
SRR12646266_GGGCACTAGGCGATAC-1.bam	HCT116_DKO1_S
SRR12646266_GGGCACTAGGTTCCTA-1.bam	HCT116_DKO1_S
SRR12646266_GGGCACTTCCGCGACA-1.bam	HCT116_DKO1_S
SRR12646266_GGGCATCGTGGACGTA-1.bam	HCT116_DKO1_S
SRR12646266_GGGCATCTCAGTGCCG-1.bam	HCT116_DKO1_S
SRR12646266_GGGCATCTCTACAGTG-1.bam	HCT116_DKO1_S
SRR12646266_GGGTCTGCAAGTCGGA-1.bam	HCT116_DKO1_S
SRR12646266_GGGTTGCCATGAGGGT-1.bam	HCT116_DKO1_S
SRR12646266_GGGTTGCGTCATGCTA-1.bam	HCT116_DKO1_S
SRR12646266_GGTATTGAGGCGTTGA-1.bam	HCT116_DKO1_S
SRR12646266_GGTATTGCACAGCTGC-1.bam	HCT116_DKO1_S
SRR12646266_GGTGAAGCACTCATGA-1.bam	HCT116_DKO1_S
SRR12646266_GGTGAAGCATCTTTCA-1.bam	HCT116_DKO1_S
SRR12646266_GGTGAAGCATTTCTTG-1.bam	HCT116_DKO1_S
SRR12646266_GGTGCGTTCGATACAC-1.bam	HCT116_DKO1_S
SRR12646266_GGTGTTAAGAGACTTA-1.bam	HCT116_DKO1_S
SRR12646266_GTAACGTAGCATCTTG-1.bam	HCT116_DKO1_S
SRR12646266_GTAACGTCAGAAGAAG-1.bam	HCT116_DKO1_S
SRR12646266_GTAACGTTCCCACAAA-1.bam	HCT116_DKO1_S
SRR12646266_GTAACTGTCTGCTAGA-1.bam	HCT116_DKO1_S
SRR12646266_GTAACTGTCTTGTTAC-1.bam	HCT116_DKO1_S
SRR12646266_GTACGTAAGGGTTTCT-1.bam	HCT116_DKO1_S
SRR12646266_GTACGTACAGTAGAAT-1.bam	HCT116_DKO1_S
SRR12646266_GTACGTATCCACCTTG-1.bam	HCT116_DKO1_S
SRR12646266_GTACGTATCGTAAGGG-1.bam	HCT116_DKO1_S
SRR12646266_GTACTCCAGCAGAGAA-1.bam	HCT116_DKO1_S
SRR12646266_GTACTCCCAATAGGAT-1.bam	HCT116_DKO1_S
SRR12646266_GTACTCCCAGACAGTG-1.bam	HCT116_DKO1_S
SRR12646266_GTACTTTTCAACTGCA-1.bam	HCT116_DKO1_S
SRR12646266_GTAGGCCCAACTCCGG-1.bam	HCT116_DKO1_S
SRR12646266_GTAGGCCGTGCGTCAC-1.bam	HCT116_DKO1_S
SRR12646266_GTAGTCATCTCAGTTT-1.bam	HCT116_DKO1_S
SRR12646266_GTATCTTGTGTGACAG-1.bam	HCT116_DKO1_S
SRR12646266_GTATTCTAGGCATGGT-1.bam	HCT116_DKO1_S
SRR12646266_GTCACAACAAGACGCA-1.bam	HCT116_DKO1_S
SRR12646266_GTCGGGTCAGACACGA-1.bam	HCT116_DKO1_S
SRR12646266_GTCGGGTGTAGACGAC-1.bam	HCT116_DKO1_S
SRR12646266_GTCGTAAGTGACCCAC-1.bam	HCT116_DKO1_S
SRR12646266_GTCGTAAGTTCTAGAC-1.bam	HCT116_DKO1_S
SRR12646266_GTCTCGTCATGCCATA-1.bam	HCT116_DKO1_S
SRR12646266_GTCTTCGTCGCCCAGA-1.bam	HCT116_DKO1_S
SRR12646266_GTGCAGCAGGATGTAT-1.bam	HCT116_DKO1_S
SRR12646266_GTGCATAAGACTGTAA-1.bam	HCT116_DKO1_S
SRR12646266_GTGCATAAGTAGGCCA-1.bam	HCT116_DKO1_S
SRR12646266_GTGCGGTAGCACAGGT-1.bam	HCT116_DKO1_S
SRR12646266_GTGCTTCTCGATACAC-1.bam	HCT116_DKO1_S
SRR12646266_GTGGGTCAGATCCCGC-1.bam	HCT116_DKO1_S
SRR12646266_GTGGGTCCAAGACGAC-1.bam	HCT116_DKO1_S
SRR12646266_GTGTTAGGTATTCGTG-1.bam	HCT116_DKO1_S
SRR12646266_GTTAAGCTCCAGGCAC-1.bam	HCT116_DKO1_S
SRR12646266_GTTAAGCTCGTTCGGG-1.bam	HCT116_DKO1_S
SRR12646266_GTTACAGAGTGTACCT-1.bam	HCT116_DKO1_S
SRR12646266_GTTCATTGTTGGCGTC-1.bam	HCT116_DKO1_S
SRR12646266_GTTCGGGGTCAGAAGC-1.bam	HCT116_DKO1_S
SRR12646266_GTTCTCGGTAACACTC-1.bam	HCT116_DKO1_S
SRR12646266_GTTCTCGTCCTCAGTC-1.bam	HCT116_DKO1_S
SRR12646266_GTTTCTAAGTTGGCTT-1.bam	HCT116_DKO1_S
SRR12646266_GTTTCTAGTCTCCACT-1.bam	HCT116_DKO1_S
SRR12646266_TAAACCGAGAATGTTG-1.bam	HCT116_DKO1_S
SRR12646266_TAAACCGAGTAAGTAC-1.bam	HCT116_DKO1_S
SRR12646266_TAAACCGCAGATACCT-1.bam	HCT116_DKO1_S
SRR12646266_TAAACCGGTCCTACCT-1.bam	HCT116_DKO1_S
SRR12646266_TAAACCGTCCTCGCTA-1.bam	HCT116_DKO1_S
SRR12646266_TAAGAGAAGTTACGGG-1.bam	HCT116_DKO1_S
SRR12646266_TAAGAGACAGGATCCC-1.bam	HCT116_DKO1_S
SRR12646266_TAAGAGAGTCTTCGCT-1.bam	HCT116_DKO1_S
SRR12646266_TAAGAGAGTTAACCTG-1.bam	HCT116_DKO1_S
SRR12646266_TAAGCGTAGGGAGTAA-1.bam	HCT116_DKO1_S
SRR12646266_TAAGCGTGTAGTGGCA-1.bam	HCT116_DKO1_S
SRR12646266_TAAGTGCAGTAGATCA-1.bam	HCT116_DKO1_S
SRR12646266_TAAGTGCAGTAGCCGA-1.bam	HCT116_DKO1_S
SRR12646266_TACACGAAGGGCTTGA-1.bam	HCT116_DKO1_S
SRR12646266_TACACGAGTCAATTCG-1.bam	HCT116_DKO1_S
SRR12646266_TACCTATCAGCCCATG-1.bam	HCT116_DKO1_S
SRR12646266_TACCTTAGTTCTCAAG-1.bam	HCT116_DKO1_S
SRR12646266_TACGGATAGACAAGCC-1.bam	HCT116_DKO1_S
SRR12646266_TACGGATCAGAGGCAT-1.bam	HCT116_DKO1_S
SRR12646266_TACGGATGTCCGATGC-1.bam	HCT116_DKO1_S
SRR12646266_TACGGGCCACGTATGT-1.bam	HCT116_DKO1_S
SRR12646266_TACGGGCTCAGTGTGT-1.bam	HCT116_DKO1_S
SRR12646266_TACGGTATCAAGTTGC-1.bam	HCT116_DKO1_S
SRR12646266_TACTCATAGTGCGATG-1.bam	HCT116_DKO1_S
SRR12646266_TACTCGCGTTGCCACG-1.bam	HCT116_DKO1_S
SRR12646266_TACTTACCAAAGTGGC-1.bam	HCT116_DKO1_S
SRR12646266_TACTTACCAGAAAGCC-1.bam	HCT116_DKO1_S
SRR12646266_TACTTACCAGTGAAAT-1.bam	HCT116_DKO1_S
SRR12646266_TAGACCAGTCATTACG-1.bam	HCT116_DKO1_S
SRR12646266_TAGCCGGCAGGAGCAT-1.bam	HCT116_DKO1_S
SRR12646266_TAGGCATGTCAAAGCG-1.bam	HCT116_DKO1_S
SRR12646266_TAGTGGTAGATCACTC-1.bam	HCT116_DKO1_S
SRR12646266_TAGTGGTCACGCACCA-1.bam	HCT116_DKO1_S
SRR12646266_TAGTGGTGTGGTTCTA-1.bam	HCT116_DKO1_S
SRR12646266_TAGTTGGCATGAGGGT-1.bam	HCT116_DKO1_S
SRR12646266_TATCAGGGTCATACCA-1.bam	HCT116_DKO1_S
SRR12646266_TATGCCCGTTTCCTGC-1.bam	HCT116_DKO1_S
SRR12646266_TATTACCTCCGCTGGA-1.bam	HCT116_DKO1_S
SRR12646266_TCAATCTGTTGATCTG-1.bam	HCT116_DKO1_S
SRR12646266_TCACAAGAGTGTCTCA-1.bam	HCT116_DKO1_S
SRR12646266_TCAGATGCACCCACAG-1.bam	HCT116_DKO1_S
SRR12646266_TCAGATGGTTACGCCG-1.bam	HCT116_DKO1_S
SRR12646266_TCAGCAAAGCGAACTG-1.bam	HCT116_DKO1_S
SRR12646266_TCAGCAACACAATCAC-1.bam	HCT116_DKO1_S
SRR12646266_TCAGCAATCTTGCTTA-1.bam	HCT116_DKO1_S
SRR12646266_TCAGCTCTCACTACAG-1.bam	HCT116_DKO1_S
SRR12646266_TCAGGATAGGTAAGTT-1.bam	HCT116_DKO1_S
SRR12646266_TCAGGTAAGAGAGCTC-1.bam	HCT116_DKO1_S
SRR12646266_TCAGGTATCCGAAGCC-1.bam	HCT116_DKO1_S
SRR12646266_TCATTACTCTACAGCA-1.bam	HCT116_DKO1_S
SRR12646266_TCATTTGTCTGATCAG-1.bam	HCT116_DKO1_S
SRR12646266_TCCCGATCAGTCGGAA-1.bam	HCT116_DKO1_S
SRR12646266_TCCCGATTCAACAGTC-1.bam	HCT116_DKO1_S
SRR12646266_TCCCGATTCCACTGCT-1.bam	HCT116_DKO1_S
SRR12646266_TCGAGGCAGAGATGAG-1.bam	HCT116_DKO1_S
SRR12646266_TCGAGGCTCCGGTTCT-1.bam	HCT116_DKO1_S
SRR12646266_TCGCGAGCAAGTGCAG-1.bam	HCT116_DKO1_S
SRR12646266_TCGCGAGCAGACACGA-1.bam	HCT116_DKO1_S
SRR12646266_TCGCGAGCATGATAAG-1.bam	HCT116_DKO1_S
SRR12646266_TCGCGAGGTTGTCACA-1.bam	HCT116_DKO1_S
SRR12646266_TCGCGTTTCGAACCCG-1.bam	HCT116_DKO1_S
SRR12646266_TCGGTAAAGGGTTTCT-1.bam	HCT116_DKO1_S
SRR12646266_TCGGTAAAGTGGTAAT-1.bam	HCT116_DKO1_S
SRR12646266_TCGGTAAAGTGTACGG-1.bam	HCT116_DKO1_S
SRR12646266_TCGTACCTCGGAAGAC-1.bam	HCT116_DKO1_S
SRR12646266_TCGTAGAAGGGCATGT-1.bam	HCT116_DKO1_S
SRR12646266_TCGTAGATCTTTCGTA-1.bam	HCT116_DKO1_S
SRR12646266_TCTATTGGTGTGATCT-1.bam	HCT116_DKO1_S
SRR12646266_TCTCATAAGACCTAGG-1.bam	HCT116_DKO1_S
SRR12646266_TCTCATAAGTGGGTTG-1.bam	HCT116_DKO1_S
SRR12646266_TCTCATATCAGGTTAC-1.bam	HCT116_DKO1_S
SRR12646266_TCTCTAAAGGGTCTCC-1.bam	HCT116_DKO1_S
SRR12646266_TCTCTAAGTTCCCTAC-1.bam	HCT116_DKO1_S
SRR12646266_TCTGAGAGTATCAGTC-1.bam	HCT116_DKO1_S
SRR12646266_TCTGGAAAGGCCATAG-1.bam	HCT116_DKO1_S
SRR12646266_TCTTCGGGTAAGAAGG-1.bam	HCT116_DKO1_S
SRR12646266_TCTTTCCTCTAAGGAA-1.bam	HCT116_DKO1_S
SRR12646266_TCTTTCCTCTCATCCG-1.bam	HCT116_DKO1_S
SRR12646266_TGAAAGAAGTCGCCGT-1.bam	HCT116_DKO1_S
SRR12646266_TGAAAGAGTCGAATCT-1.bam	HCT116_DKO1_S
SRR12646266_TGACAACGTTGCACTA-1.bam	HCT116_DKO1_S
SRR12646266_TGACTAGGTACCGTGC-1.bam	HCT116_DKO1_S
SRR12646266_TGACTAGTCCGTAATG-1.bam	HCT116_DKO1_S
SRR12646266_TGACTTTTCTGGGACC-1.bam	HCT116_DKO1_S
SRR12646266_TGAGAGGCAACCTGAT-1.bam	HCT116_DKO1_S
SRR12646266_TGAGCCGCATACCAGT-1.bam	HCT116_DKO1_S
SRR12646266_TGATTTCAGAGTCTGG-1.bam	HCT116_DKO1_S
SRR12646266_TGATTTCCAGGTCCCA-1.bam	HCT116_DKO1_S
SRR12646266_TGCACCTCACTGGCCA-1.bam	HCT116_DKO1_S
SRR12646266_TGCCAAAAGCTATCAC-1.bam	HCT116_DKO1_S
SRR12646266_TGCCAAAGTTCTAGTG-1.bam	HCT116_DKO1_S
SRR12646266_TGCCAAATCGTGTACA-1.bam	HCT116_DKO1_S
SRR12646266_TGCCCATTCTCCGGAG-1.bam	HCT116_DKO1_S
SRR12646266_TGCCCTACATTGGTCA-1.bam	HCT116_DKO1_S
SRR12646266_TGCCCTAGTACTCGCG-1.bam	HCT116_DKO1_S
SRR12646266_TGCGCAGCAGACGAGT-1.bam	HCT116_DKO1_S
SRR12646266_TGCGGGTTCCTCGACT-1.bam	HCT116_DKO1_S
SRR12646266_TGCTGCTCAGTTATGC-1.bam	HCT116_DKO1_S
SRR12646266_TGGACGCAGCACGCCT-1.bam	HCT116_DKO1_S
SRR12646266_TGGACGCGTTACGCCG-1.bam	HCT116_DKO1_S
SRR12646266_TGGCTGGGTGGTGAGT-1.bam	HCT116_DKO1_S
SRR12646266_TGGGCGTCAATGTAGA-1.bam	HCT116_DKO1_S
SRR12646266_TGGTTAGTCGGGCTCA-1.bam	HCT116_DKO1_S
SRR12646266_TGGTTCCGTAGCGTCC-1.bam	HCT116_DKO1_S
SRR12646266_TGGTTCCTCTACCGTC-1.bam	HCT116_DKO1_S
SRR12646266_TGTATTCAGGCTAGTG-1.bam	HCT116_DKO1_S
SRR12646266_TGTATTCCATACCAGT-1.bam	HCT116_DKO1_S
SRR12646266_TGTATTCGTCAAGCCC-1.bam	HCT116_DKO1_S
SRR12646266_TGTCCCAAGGACCACA-1.bam	HCT116_DKO1_S
SRR12646266_TGTGGTAAGACCACGA-1.bam	HCT116_DKO1_S
SRR12646266_TGTGGTAAGTCATCCA-1.bam	HCT116_DKO1_S
SRR12646266_TGTGGTACACTTGTTT-1.bam	HCT116_DKO1_S
SRR12646266_TGTGGTACATGTATGC-1.bam	HCT116_DKO1_S
SRR12646266_TGTGTTTGTGATTTGC-1.bam	HCT116_DKO1_S
SRR12646266_TGTTCCGGTATGCTAC-1.bam	HCT116_DKO1_S
SRR12646266_TGTTCCGGTTTACGGT-1.bam	HCT116_DKO1_S
SRR12646266_TGTTCCGTCCTACGAA-1.bam	HCT116_DKO1_S
SRR12646266_TTAGGCAAGCGTCAAG-1.bam	HCT116_DKO1_S
SRR12646266_TTAGGCATCTCCCTAG-1.bam	HCT116_DKO1_S
SRR12646266_TTAGTTCCAGTACCTA-1.bam	HCT116_DKO1_S
SRR12646266_TTAGTTCGTCGTCTTC-1.bam	HCT116_DKO1_S
SRR12646266_TTATGCTGTCAGTTTG-1.bam	HCT116_DKO1_S
SRR12646266_TTCCCAGTCCTGATTT-1.bam	HCT116_DKO1_S
SRR12646266_TTCGAAGCATCCAGGC-1.bam	HCT116_DKO1_S
SRR12646266_TTCGAAGTCGCTGAAT-1.bam	HCT116_DKO1_S
SRR12646266_TTCTACACATGACCGC-1.bam	HCT116_DKO1_S
SRR12646266_TTCTCAACAGATGAAT-1.bam	HCT116_DKO1_S
SRR12646266_TTCTCAATCGCAGCAC-1.bam	HCT116_DKO1_S
SRR12646266_TTCTCAATCGCGCACA-1.bam	HCT116_DKO1_S
SRR12646266_TTCTCCTTCAGCCTGG-1.bam	HCT116_DKO1_S
SRR12646266_TTGCGTCCACTTTCCG-1.bam	HCT116_DKO1_S
SRR12646266_TTGCGTCCAGTAGGGT-1.bam	HCT116_DKO1_S
SRR12646266_TTGCGTCGTCCTCGGA-1.bam	HCT116_DKO1_S
SRR12646266_TTGGAACTCAAAGCGG-1.bam	HCT116_DKO1_S
SRR12646266_TTTACTGGTACGGTGA-1.bam	HCT116_DKO1_S
SRR12646266_TTTACTGTCCGTCTAC-1.bam	HCT116_DKO1_S
SRR12646266_TTTCCTCCAAGTGAGC-1.bam	HCT116_DKO1_S
SRR12646266_TTTGCGCAGATCTGCT-1.bam	HCT116_DKO1_S
SRR12646266_TTTGGTTCAGAATTCC-1.bam	HCT116_DKO1_S
SRR12646266_TTTGTCATCTGGTGGC-1.bam	HCT116_DKO1_S
